Trade number,Type,Date and time,Signal,Price USD,Size (qty),Size (value),Net PnL USD,Return %,Commission USD,Favorable excursion USD,Favorable excursion %,Adverse excursion USD,Adverse excursion %,Cumulative PnL USD,Cumulative PnL %,Duration (bars)
1,Exit long,2013-11-20 01:00,Trail,479.69,98.016565,9998.669796,37016.9,370.21,2,78311.95,783.20,-157.18,-1.57,37016.9,370.17,454
1,Entry long,2013-07-29 14:00,L ruptura,102.01,98.016565,9998.669796,37016.9,370.21,2,78311.95,783.20,-157.18,-1.57,37016.9,370.17,454
2,Exit long,2013-12-07 01:00,Trail,676.17,48.468835,47015.25464,-14244.87,-30.30,2.79,13181.39,28.04,-14243.73,-30.29,22772.03,227.72,40
2,Entry long,2013-11-27 01:00,L ruptura,970.01,48.468835,47015.25464,-14244.87,-30.30,2.79,13181.39,28.04,-14243.73,-30.29,22772.03,227.72,40
3,Exit long,2014-01-28 07:00,Régimen off,754.95,33.819276,32754.307,-7224.48,-22.06,2.04,894.73,2.73,-8185.75,-24.99,15547.54,155.48,88
3,Entry long,2014-01-06 07:00,L ruptura,968.51,33.819276,32754.307,-7224.48,-22.06,2.04,894.73,2.73,-8185.75,-24.99,15547.54,155.48,88
4,Exit long,2014-06-12 20:00,Trail,594.31,37.953153,25542.8515,-2988.6,-11.70,1.68,454.16,1.78,-2987.81,-11.70,12558.94,125.59,44
4,Entry long,2014-06-01 20:00,L cruce,673.01,37.953153,25542.8515,-2988.6,-11.70,1.68,454.16,1.78,-2987.81,-11.70,12558.94,125.59,44
5,Exit long,2014-07-26 08:00,Régimen off,592.44,36.033664,22563.19939,-1216.95,-5.39,1.54,1398.4,6.20,-1340.16,-5.94,11341.99,113.42,102
5,Entry long,2014-06-30 14:00,L cruce,626.17,36.033664,22563.19939,-1216.95,-5.39,1.54,1398.4,6.20,-1340.16,-5.94,11341.99,113.42,102
6,Exit long,2015-08-10 08:00,Régimen off,265.9,83.582991,21341.24509,881.95,4.13,1.52,5089.46,23.85,-269.88,-1.26,12223.94,122.24,167
6,Entry long,2015-06-29 14:00,L cruce,255.33,83.582991,21341.24509,881.95,4.13,1.52,5089.46,23.85,-269.88,-1.26,12223.94,122.24,167
7,Exit long,2015-11-06 01:00,Trail,360.99,89.9796,22234.85896,10244.96,46.07,1.92,23114.08,103.95,-404.79,-1.82,22468.9,224.69,121
7,Entry long,2015-10-06 20:00,L cruce,247.11,89.9796,22234.85896,10244.96,46.07,1.92,23114.08,103.95,-404.79,-1.82,22468.9,224.69,121
8,Exit long,2016-01-16 07:00,Régimen off,372.5,98.428923,32467.76454,4194.59,12.92,2.42,14288.77,44.01,-51.34,-0.16,26663.49,266.63,205
8,Entry long,2015-11-26 01:00,L ruptura,329.86,98.428923,32467.76454,4194.59,12.92,2.42,14288.77,44.01,-51.34,-0.16,26663.49,266.63,205
9,Exit long,2016-03-20 07:00,Régimen off,409.64,88.779077,36662.20764,-297.3,-0.81,2.56,3429.14,9.35,-2128.43,-5.81,26366.19,263.66,127
9,Entry long,2016-02-17 13:00,L ruptura,412.96,88.779077,36662.20764,-297.3,-0.81,2.56,3429.14,9.35,-2128.43,-5.81,26366.19,263.66,127
10,Exit long,2016-05-22 08:00,Régimen off,440.79,84.02633,36364.9151,670.48,1.84,2.57,3293.4,9.06,-539.88,-1.48,27036.67,270.37,143
10,Entry long,2016-04-16 14:00,L ruptura,432.78,84.02633,36364.9151,670.48,1.84,2.57,3293.4,9.06,-539.88,-1.48,27036.67,270.37,143
11,Exit long,2016-07-30 08:00,Régimen off,657.07,74.268301,37056.16878,11740.3,31.68,3,21598.15,58.28,-640.75,-1.73,38776.97,387.77,252
11,Entry long,2016-05-28 08:00,L ruptura,498.95,74.268301,37056.16878,11740.3,31.68,3,21598.15,58.28,-640.75,-1.73,38776.97,387.77,252
12,Exit long,2017-01-05 13:00,Trail,906.88,79.139508,48775.26157,22990.56,47.13,4.22,42407.57,86.94,-1876.52,-3.85,61767.52,617.68,479
12,Entry long,2016-09-07 20:00,L ruptura,616.32,79.139508,48775.26157,22990.56,47.13,4.22,42407.57,86.94,-1876.52,-3.85,61767.52,617.68,479
13,Exit long,2017-03-19 07:00,Régimen off,999.44,76.753204,71764.24574,4940.78,6.88,5.2,30389.46,42.34,-3993.68,-5.56,66708.3,667.08,224
13,Entry long,2017-01-22 07:00,L ruptura,935,76.753204,71764.24574,4940.78,6.88,5.2,30389.46,42.34,-3993.68,-5.56,66708.3,667.08,224
14,Exit long,2017-07-11 08:00,Régimen off,2316.03,65.229195,76645.60871,74419.2,97.09,7.97,117312.68,153.05,-4762.46,-6.21,141127.5,1411.28,383
14,Entry long,2017-04-06 14:00,L ruptura,1175.02,65.229195,76645.60871,74419.2,97.09,7.97,117312.68,153.05,-4762.46,-6.21,141127.5,1411.28,383
15,Exit long,2017-09-15 08:00,Régimen off,3334.06,53.519784,151135.5884,27291.05,18.06,11.54,115185.88,76.21,-11667.25,-7.72,168418.55,1684.19,195
15,Entry long,2017-07-28 14:00,L ruptura,2823.92,53.519784,151135.5884,27291.05,18.06,11.54,115185.88,76.21,-11667.25,-7.72,168418.55,1684.19,195
16,Exit long,2018-01-13 07:00,Régimen off,14037.6,37.983986,178385.333,354793.75,198.88,24.91,573129.94,321.28,-90.95,-0.05,523212.3,5232.12,382
16,Entry long,2017-10-09 20:00,L ruptura,4696.33,37.983986,178385.333,354793.75,198.88,24.91,573129.94,321.28,-90.95,-0.05,523212.3,5232.12,382
17,Exit long,2018-03-09 07:00,Trail,8423.18,47.082322,533302.8738,-136752.55,-25.64,32.55,15675.76,2.94,-136738.67,-25.64,386459.75,3864.60,24
17,Entry long,2018-03-03 07:00,L ruptura,11327.03,47.082322,533302.8738,-136752.55,-25.64,32.55,15675.76,2.94,-136738.67,-25.64,386459.75,3864.60,24
18,Exit long,2018-03-10 07:00,Régimen off,9354.12,44.277424,396541.9677,17605.99,4.44,28.38,20672.53,5.21,-13728.81,-3.46,404065.75,4040.66,3
18,Entry long,2018-03-09 13:00,L cruce,8955.85,44.277424,396541.9677,17605.99,4.44,28.38,20672.53,5.21,-13728.81,-3.46,404065.75,4040.66,3
19,Exit long,2019-07-16 20:00,Trail,9418.91,87.320717,413636.49,408786.22,98.82,43.26,796588,192.57,-7074.36,-1.71,812852,8128.52,422
19,Entry long,2019-04-02 08:00,L cruce,4736.98,87.320717,413636.49,408786.22,98.82,43.26,796588,192.57,-7074.36,-1.71,812852,8128.52,422
20,Exit long,2020-02-28 07:00,Régimen off,8787.67,90.281334,822979.362,-29673.36,-3.61,56.57,125853.17,15.29,-80959.7,-9.84,783178.6,7831.79,160
20,Entry long,2020-01-19 07:00,L cruce,9115.72,90.281334,822979.362,-29673.36,-3.61,56.57,125853.17,15.29,-80959.7,-9.84,783178.6,7831.79,160
21,Exit long,2020-06-26 08:00,Régimen off,9200.94,97.40314,793487.8618,102653.45,12.94,59.14,220750.08,27.82,-5884.62,-0.74,885832.06,8858.32,231
21,Entry long,2020-04-29 14:00,L cruce,8146.43,97.40314,793487.8618,102653.45,12.94,59.14,220750.08,27.82,-5884.62,-0.74,885832.06,8858.32,231
22,Exit long,2020-09-04 08:00,Régimen off,10297.4,93.078906,895749.5058,62656.32,6.99,64.9,265735.9,29.67,-13431.92,-1.50,948488.4,9484.88,170
22,Entry long,2020-07-23 20:00,L ruptura,9623.55,93.078906,895749.5058,62656.32,6.99,64.9,265735.9,29.67,-13431.92,-1.50,948488.4,9484.88,170
23,Exit long,2021-04-23 08:00,Régimen off,49408.62,84.210757,958523.8889,3202034.2,334.05,179.17,4506599.5,470.14,-16015.91,-1.67,4150522.5,41505.23,780
23,Entry long,2020-10-10 08:00,L ruptura,11382.44,84.210757,958523.8889,3202034.2,334.05,179.17,4506599.5,470.14,-16015.91,-1.67,4150522.5,41505.23,780
24,Exit long,2021-09-14 08:00,Régimen off,45248.24,90.466361,4160765.062,-67610.34,-1.62,288.9,627930.6,15.09,-305799.8,-7.35,4082912.2,40829.12,143
24,Entry long,2021-08-09 14:00,L cruce,45992.4,90.466361,4160765.062,-67610.34,-1.62,288.9,627930.6,15.09,-305799.8,-7.35,4082912.2,40829.12,143
25,Exit long,2021-11-21 07:00,Régimen off,59064.12,82.010938,4092914.142,750676.94,18.34,312.79,1565512.8,38.25,-24118.33,-0.59,4833589,48335.89,187
25,Entry long,2021-10-05 14:00,L ruptura,49906.93,82.010938,4092914.142,750676.94,18.34,312.79,1565512.8,38.25,-24118.33,-0.59,4833589,48335.89,187
26,Exit long,2023-03-07 07:00,Régimen off,22459.28,242.991201,4843871.648,613175.25,12.66,360.54,1294609.1,26.73,-8428.81,-0.17,5446764.5,54467.65,209
26,Entry long,2023-01-14 01:00,L cruce,19934.35,242.991201,4843871.648,613175.25,12.66,360.54,1294609.1,26.73,-8428.81,-0.17,5446764.5,54467.65,209
27,Exit long,2023-05-10 08:00,Régimen off,27681.11,202.222863,5456721.068,140645.34,2.58,386.91,821349.5,15.05,-162739.75,-2.98,5587410,55874.10,215
27,Entry long,2023-03-17 13:00,L ruptura,26983.7,202.222863,5456721.068,140645.34,2.58,386.91,821349.5,15.05,-162739.75,-2.98,5587410,55874.10,215
28,Exit long,2023-07-26 08:00,Régimen off,29273.56,179.006476,5596136.254,-356358.72,-6.37,379.27,101265.01,1.81,-427699.12,-7.64,5231051,52310.51,130
28,Entry long,2023-06-23 20:00,L ruptura,31262.2,179.006476,5596136.254,-356358.72,-6.37,379.27,101265.01,1.81,-427699.12,-7.64,5231051,52310.51,130
29,Exit long,2024-01-19 07:00,Régimen off,41188.1,185.701233,5240876.911,2407353,45.93,451.13,3853438.5,73.52,-312209.78,-5.96,7638404,76384.04,435
29,Entry long,2023-10-02 14:00,L cruce,28222.09,185.701233,5240876.911,2407353,45.93,451.13,3853438.5,73.52,-312209.78,-5.96,7638404,76384.04,435
30,Exit long,2024-04-16 08:00,Régimen off,62748.91,172.496934,7648155.26,3175192.8,41.51,646.53,5074500.5,66.35,-857.62,-0.01,10813597,108135.97,273
30,Entry long,2024-02-08 01:00,L ruptura,44337.92,172.496934,7648155.26,3175192.8,41.51,646.53,5074500.5,66.35,-857.62,-0.01,10813597,108135.97,273
31,Exit long,2024-06-17 08:00,Régimen off,66325.31,158.326005,10824286.65,-324011.7,-2.99,746.39,565823.44,5.23,-528290,-4.88,10489585,104895.85,110
31,Entry long,2024-05-20 20:00,L ruptura,68367.08,158.326005,10824286.65,-324011.7,-2.99,746.39,565823.44,5.23,-528290,-4.88,10489585,104895.85,110
32,Exit long,2024-08-04 14:00,Trail,59552.08,157.144957,10499258.44,-1141644.4,-10.87,695.01,506924.72,4.83,-1141316.9,-10.87,9347941,93479.41,63
32,Entry long,2024-07-19 20:00,L ruptura,66812.57,157.144957,10499258.44,-1141644.4,-10.87,695.01,506924.72,4.83,-1141316.9,-10.87,9347941,93479.41,63
33,Exit long,2024-12-30 07:00,Régimen off,93403.04,145.538589,9358927.369,4234016,45.24,803.34,6399037.5,68.37,-787388.6,-8.41,13581957,135819.57,385
33,Entry long,2024-09-25 02:00,L cruce,64305.47,145.538589,9358927.369,4234016,45.24,803.34,6399037.5,68.37,-787388.6,-8.41,13581957,135819.57,385
34,Exit long,2025-01-10 07:00,Régimen off,94001.4,136.467324,13591367.61,-764172.75,-5.62,924.68,430354.38,3.17,-1137443.6,-8.37,12817784,128177.84,16
34,Entry long,2025-01-06 07:00,L ruptura,99594.3,136.467324,13591367.61,-764172.75,-5.62,924.68,430354.38,3.17,-1137443.6,-8.37,12817784,128177.84,16
35,Exit long,2025-02-06 07:00,Régimen off,97849.31,126.626308,12827576.76,-438162.53,-3.42,882.63,1018054.56,7.94,-1261086,-9.83,12379621,123796.21,80
35,Entry long,2025-01-17 07:00,L ruptura,101302.62,126.626308,12827576.76,-438162.53,-3.42,882.63,1018054.56,7.94,-1261086,-9.83,12379621,123796.21,80
36,Exit long,2025-06-22 08:00,Régimen off,102915.95,140.203773,12389158.28,2039107.6,16.46,938.64,3307272,26.69,-54545.27,-0.44,14418729,144187.29,244
36,Entry long,2025-04-22 08:00,L cruce,88365.37,140.203773,12389158.28,2039107.6,16.46,938.64,3307272,26.69,-54545.27,-0.44,14418729,144187.29,244
37,Exit long,2025-08-21 08:00,Régimen off,114035.68,126.807539,14427586.08,31986.77,0.22,1011.09,1318405,9.14,-227872.16,-1.58,14450716,144507.16,166
37,Entry long,2025-07-10 20:00,L ruptura,113775.46,126.807539,14427586.08,31986.77,0.22,1011.09,1318405,9.14,-227872.16,-1.58,14450716,144507.16,166
38,Exit long,2025-09-25 14:00,Trail,109998.13,123.388123,14460208.26,-888726.6,-6.15,981.14,94955.58,0.66,-888251.56,-6.14,13561989,135619.89,33
38,Entry long,2025-09-17 08:00,L ruptura,117192.87,123.388123,14460208.26,-888726.6,-6.15,981.14,94955.58,0.66,-888251.56,-6.14,13561989,135619.89,33
39,Exit long,2025-10-10 20:00,Trail,112446.49,113.102284,13571517.43,-854482.7,-6.30,920.13,703668.1,5.18,-854037.56,-6.29,12707506,127075.06,32
39,Entry long,2025-10-02 20:00,L ruptura,119993.31,113.102284,13571517.43,-854482.7,-6.30,920.13,703668.1,5.18,-854037.56,-6.29,12707506,127075.06,32
40,Exit long,Open,Open,—,176.898397,12717103.7,2305274.8,18.13,445.1,2743452.5,21.57,-141877.14,-1.12,15012336,150123.36,152
40,Entry long,2026-08-20 14:00,L ruptura,71889.31,176.898397,12717103.7,2305274.8,18.13,445.1,2743452.5,21.57,-141877.14,-1.12,15012336,150123.36,152