ticker,earnings_date
AAPL,2026-10-29
AAPL,2026-07-30
AAPL,2026-04-30
AAPL,2026-01-29
AAPL,2025-10-30
AAPL,2025-07-31
AAPL,2025-05-01
AAPL,2025-01-30
AAPL,2024-10-31
AAPL,2024-08-01
AAPL,2024-05-02
AAPL,2024-02-01
AAPL,2023-11-02
AAPL,2023-08-03
AAPL,2023-05-04
AAPL,2023-02-02
AAPL,2022-10-27
AAPL,2022-07-28
AAPL,2022-04-28
AAPL,2022-01-27
AAPL,2021-10-28
AAPL,2021-07-27
AAPL,2021-04-28
AAPL,2021-01-27
AAPL,2020-10-29
AAPL,2020-07-30
AAPL,2020-04-30
AAPL,2020-01-28
AAPL,2019-10-30
AAPL,2019-07-30
AAPL,2019-04-30
AAPL,2019-01-29
AAPL,2018-11-01
AAPL,2018-07-31
AAPL,2018-05-01
AAPL,2018-02-01
AAPL,2017-11-02
AAPL,2017-08-01
AAPL,2017-05-02
AAPL,2017-01-31
AAPL,2016-10-25
AAPL,2016-07-26
AAPL,2016-04-26
AAPL,2016-01-26
AAPL,2015-10-27
AAPL,2015-07-21
AAPL,2015-04-27
AAPL,2015-01-27
AAPL,2014-10-20
AAPL,2014-07-22
AAPL,2014-04-23
AAPL,2014-01-27
AAPL,2013-10-28
AAPL,2013-07-23
AAPL,2013-04-23
AAPL,2013-01-23
AAPL,2012-10-25
AAPL,2012-07-24
AAPL,2012-04-24
AAPL,2012-01-24
AAPL,2011-10-18
AAPL,2011-07-19
AAPL,2011-04-20
AAPL,2011-01-18
AAPL,2010-10-18
AAPL,2010-07-20
AAPL,2010-04-20
AAPL,2010-01-25
AAPL,2009-10-19
AAPL,2009-07-21
AAPL,2009-04-22
AAPL,2009-01-21
AAPL,2008-10-21
AAPL,2008-07-21
AAPL,2008-04-23
AAPL,2008-01-22
AAPL,2007-10-22
AAPL,2007-07-25
AAPL,2007-04-25
AAPL,2007-01-17
AAPL,2006-10-18
AAPL,2006-07-19
AAPL,2006-04-19
AAPL,2006-01-18
AAPL,2005-10-11
AAPL,2005-07-13
AAPL,2005-04-13
AAPL,2005-01-12
AAPL,2004-10-13
AAPL,2004-07-14
AAPL,2004-04-14
AAPL,2004-01-14
AAPL,2003-10-15
AAPL,2003-07-16
AAPL,2003-04-16
AAPL,2003-01-15
AAPL,2002-10-16
AAPL,2002-07-16
AAPL,2002-07-16
AAPL,2002-04-17
MSFT,2026-10-28
MSFT,2026-07-29
MSFT,2026-04-29
MSFT,2026-01-28
MSFT,2025-10-29
MSFT,2025-07-30
MSFT,2025-04-30
MSFT,2025-01-29
MSFT,2024-10-30
MSFT,2024-07-30
MSFT,2024-04-25
MSFT,2024-01-30
MSFT,2023-10-24
MSFT,2023-07-25
MSFT,2023-04-25
MSFT,2023-01-24
MSFT,2022-10-25
MSFT,2022-07-26
MSFT,2022-04-26
MSFT,2022-01-25
MSFT,2021-10-26
MSFT,2021-07-27
MSFT,2021-04-27
MSFT,2021-01-26
MSFT,2020-10-27
MSFT,2020-07-22
MSFT,2020-04-29
MSFT,2020-01-29
MSFT,2019-10-23
MSFT,2019-07-18
MSFT,2019-04-24
MSFT,2019-01-30
MSFT,2018-10-24
MSFT,2018-07-19
MSFT,2018-04-26
MSFT,2018-01-31
MSFT,2017-10-26
MSFT,2017-07-20
MSFT,2017-04-27
MSFT,2017-01-26
MSFT,2016-10-20
MSFT,2016-07-19
MSFT,2016-04-21
MSFT,2016-01-28
MSFT,2015-10-22
MSFT,2015-07-21
MSFT,2015-04-23
MSFT,2015-01-26
MSFT,2014-10-23
MSFT,2014-07-22
MSFT,2014-04-24
MSFT,2014-01-23
MSFT,2013-10-24
MSFT,2013-07-18
MSFT,2013-04-18
MSFT,2013-01-24
MSFT,2012-10-18
MSFT,2012-07-19
MSFT,2012-04-19
MSFT,2012-01-19
MSFT,2011-10-20
MSFT,2011-07-21
MSFT,2011-04-28
MSFT,2011-01-27
MSFT,2010-10-28
MSFT,2010-07-22
MSFT,2010-04-22
MSFT,2010-01-28
MSFT,2009-10-23
MSFT,2009-07-23
MSFT,2009-04-23
MSFT,2009-01-22
MSFT,2008-10-23
MSFT,2008-07-17
MSFT,2008-04-24
MSFT,2008-01-24
MSFT,2007-10-25
MSFT,2007-07-19
MSFT,2007-04-26
MSFT,2007-01-25
MSFT,2006-10-26
MSFT,2006-07-20
MSFT,2006-04-27
MSFT,2006-01-26
MSFT,2005-10-27
MSFT,2005-07-21
MSFT,2005-04-28
MSFT,2005-01-27
MSFT,2004-10-21
MSFT,2004-07-22
MSFT,2004-04-22
MSFT,2004-01-22
MSFT,2003-10-23
MSFT,2003-07-17
MSFT,2003-04-15
MSFT,2003-01-16
MSFT,2002-10-17
MSFT,2002-07-18
MSFT,2002-04-18
MSFT,2002-01-17
NVDA,2026-11-17
NVDA,2026-08-26
NVDA,2026-05-20
NVDA,2026-02-25
NVDA,2025-11-19
NVDA,2025-08-27
NVDA,2025-05-28
NVDA,2025-02-26
NVDA,2024-11-20
NVDA,2024-08-28
NVDA,2024-05-22
NVDA,2024-02-21
NVDA,2023-11-21
NVDA,2023-08-23
NVDA,2023-05-24
NVDA,2023-02-22
NVDA,2022-11-16
NVDA,2022-08-24
NVDA,2022-05-25
NVDA,2022-02-16
NVDA,2021-11-17
NVDA,2021-08-18
NVDA,2021-05-26
NVDA,2021-02-24
NVDA,2020-11-18
NVDA,2020-08-19
NVDA,2020-05-21
NVDA,2020-02-13
NVDA,2019-11-14
NVDA,2019-08-15
NVDA,2019-05-16
NVDA,2019-02-14
NVDA,2018-11-15
NVDA,2018-08-16
NVDA,2018-05-10
NVDA,2018-02-08
NVDA,2017-11-09
NVDA,2017-08-10
NVDA,2017-05-09
NVDA,2017-02-09
NVDA,2016-11-10
NVDA,2016-08-11
NVDA,2016-05-12
NVDA,2016-02-17
NVDA,2015-11-05
NVDA,2015-08-06
NVDA,2015-05-07
NVDA,2015-02-11
NVDA,2014-11-06
NVDA,2014-08-07
NVDA,2014-05-08
NVDA,2014-02-12
NVDA,2013-11-07
NVDA,2013-08-08
NVDA,2013-05-09
NVDA,2013-02-13
NVDA,2012-11-08
NVDA,2012-08-09
NVDA,2012-05-11
NVDA,2012-02-15
NVDA,2011-11-10
NVDA,2011-08-11
NVDA,2011-05-12
NVDA,2011-02-16
NVDA,2010-11-11
NVDA,2010-08-12
NVDA,2010-05-13
NVDA,2010-02-17
NVDA,2009-11-05
NVDA,2009-08-06
NVDA,2009-05-07
NVDA,2009-02-10
NVDA,2008-11-06
NVDA,2008-08-12
NVDA,2008-05-08
NVDA,2008-02-13
NVDA,2007-11-08
NVDA,2007-08-09
NVDA,2007-05-10
NVDA,2007-02-13
NVDA,2006-11-09
NVDA,2006-11-09
NVDA,2006-05-11
NVDA,2006-02-16
NVDA,2005-11-09
NVDA,2005-08-11
NVDA,2005-05-12
NVDA,2005-02-17
NVDA,2004-11-04
NVDA,2004-08-05
NVDA,2004-05-06
NVDA,2004-02-12
NVDA,2003-11-06
NVDA,2003-08-07
NVDA,2003-05-08
NVDA,2003-02-13
NVDA,2002-11-07
NVDA,2002-08-15
NVDA,2002-08-15
NVDA,2002-05-22
ORCL,2026-12-10
ORCL,2026-09-10
ORCL,2026-06-10
ORCL,2026-03-10
ORCL,2025-12-10
ORCL,2025-09-09
ORCL,2025-06-11
ORCL,2025-03-10
ORCL,2024-12-09
ORCL,2024-09-09
ORCL,2024-06-11
ORCL,2024-03-11
ORCL,2023-12-11
ORCL,2023-09-11
ORCL,2023-06-12
ORCL,2023-03-09
ORCL,2022-12-12
ORCL,2022-09-12
ORCL,2022-06-13
ORCL,2022-03-10
ORCL,2021-12-09
ORCL,2021-09-13
ORCL,2021-06-15
ORCL,2021-03-10
ORCL,2020-12-10
ORCL,2020-09-10
ORCL,2020-06-16
ORCL,2020-03-12
ORCL,2019-12-12
ORCL,2019-09-11
ORCL,2019-06-19
ORCL,2019-03-14
ORCL,2018-12-17
ORCL,2018-09-17
ORCL,2018-06-19
ORCL,2018-03-19
ORCL,2017-12-14
ORCL,2017-09-14
ORCL,2017-06-21
ORCL,2017-03-15
ORCL,2016-12-15
ORCL,2016-09-15
ORCL,2016-06-16
ORCL,2016-03-15
ORCL,2015-12-16
ORCL,2015-09-16
ORCL,2015-06-17
ORCL,2015-03-17
ORCL,2014-12-17
ORCL,2014-09-18
ORCL,2014-06-19
ORCL,2014-03-18
ORCL,2013-12-18
ORCL,2013-09-18
ORCL,2013-06-20
ORCL,2013-03-20
ORCL,2012-12-18
ORCL,2012-09-20
ORCL,2012-06-18
ORCL,2012-03-20
ORCL,2011-12-20
ORCL,2011-09-20
ORCL,2011-06-23
ORCL,2011-03-24
ORCL,2010-12-16
ORCL,2010-09-16
ORCL,2010-06-24
ORCL,2010-03-25
ORCL,2009-12-17
ORCL,2009-09-16
ORCL,2009-06-23
ORCL,2009-03-18
ORCL,2008-12-18
ORCL,2008-09-18
ORCL,2008-06-25
ORCL,2008-03-26
ORCL,2007-12-19
ORCL,2007-09-20
ORCL,2007-06-26
ORCL,2007-03-20
ORCL,2006-12-18
ORCL,2006-09-19
ORCL,2006-06-22
ORCL,2006-03-20
ORCL,2005-12-15
ORCL,2005-09-22
ORCL,2005-06-29
ORCL,2005-03-22
ORCL,2004-12-13
ORCL,2004-09-14
ORCL,2004-06-15
ORCL,2004-03-11
ORCL,2003-12-15
ORCL,2003-09-12
ORCL,2003-06-12
ORCL,2003-03-18
ORCL,2002-12-18
ORCL,2002-09-17
ORCL,2002-09-17
ORCL,2002-06-18
CSCO,2026-11-12
CSCO,2026-08-12
CSCO,2026-05-13
CSCO,2026-02-11
CSCO,2025-11-12
CSCO,2025-08-13
CSCO,2025-05-14
CSCO,2025-02-12
CSCO,2024-11-13
CSCO,2024-08-14
CSCO,2024-05-15
CSCO,2024-02-14
CSCO,2023-11-15
CSCO,2023-08-16
CSCO,2023-05-17
CSCO,2023-02-15
CSCO,2022-11-16
CSCO,2022-08-17
CSCO,2022-05-18
CSCO,2022-02-16
CSCO,2021-11-17
CSCO,2021-08-18
CSCO,2021-05-19
CSCO,2021-02-09
CSCO,2020-11-12
CSCO,2020-08-12
CSCO,2020-05-13
CSCO,2020-02-12
CSCO,2019-11-13
CSCO,2019-08-14
CSCO,2019-05-15
CSCO,2019-02-13
CSCO,2018-11-14
CSCO,2018-08-15
CSCO,2018-05-16
CSCO,2018-02-14
CSCO,2017-11-15
CSCO,2017-08-16
CSCO,2017-05-17
CSCO,2017-02-15
CSCO,2016-11-16
CSCO,2016-08-17
CSCO,2016-05-18
CSCO,2016-02-10
CSCO,2015-11-12
CSCO,2015-08-12
CSCO,2015-05-13
CSCO,2015-02-11
CSCO,2014-11-12
CSCO,2014-08-13
CSCO,2014-05-14
CSCO,2014-02-12
CSCO,2013-11-13
CSCO,2013-08-14
CSCO,2013-05-15
CSCO,2013-02-13
CSCO,2012-11-13
CSCO,2012-08-15
CSCO,2012-05-09
CSCO,2012-02-08
CSCO,2011-11-09
CSCO,2011-08-10
CSCO,2011-05-11
CSCO,2011-02-09
CSCO,2010-11-10
CSCO,2010-08-11
CSCO,2010-05-12
CSCO,2010-02-03
CSCO,2009-11-04
CSCO,2009-08-05
CSCO,2009-05-06
CSCO,2009-02-04
CSCO,2008-11-05
CSCO,2008-08-05
CSCO,2008-05-06
CSCO,2008-02-06
CSCO,2007-11-07
CSCO,2007-08-07
CSCO,2007-05-08
CSCO,2007-02-06
CSCO,2006-11-08
CSCO,2006-08-08
CSCO,2006-05-09
CSCO,2006-02-07
CSCO,2005-11-09
CSCO,2005-08-09
CSCO,2005-05-10
CSCO,2005-02-08
CSCO,2004-11-09
CSCO,2004-08-10
CSCO,2004-05-11
CSCO,2004-02-03
CSCO,2003-11-05
CSCO,2003-08-05
CSCO,2003-05-06
CSCO,2003-02-04
CSCO,2002-11-06
CSCO,2002-08-06
CSCO,2002-08-06
CSCO,2002-05-07
ADBE,2026-12-09
ADBE,2026-09-10
ADBE,2026-06-11
ADBE,2026-03-12
ADBE,2025-12-10
ADBE,2025-09-11
ADBE,2025-06-12
ADBE,2025-03-12
ADBE,2024-12-11
ADBE,2024-09-12
ADBE,2024-06-13
ADBE,2024-03-14
ADBE,2023-12-13
ADBE,2023-09-14
ADBE,2023-06-15
ADBE,2023-03-15
ADBE,2022-12-15
ADBE,2022-09-15
ADBE,2022-06-16
ADBE,2022-03-22
ADBE,2021-12-16
ADBE,2021-09-21
ADBE,2021-06-17
ADBE,2021-03-23
ADBE,2020-12-10
ADBE,2020-09-15
ADBE,2020-06-11
ADBE,2020-03-12
ADBE,2019-12-12
ADBE,2019-09-17
ADBE,2019-06-18
ADBE,2019-03-14
ADBE,2018-12-13
ADBE,2018-09-13
ADBE,2018-06-14
ADBE,2018-03-15
ADBE,2017-12-14
ADBE,2017-09-19
ADBE,2017-06-20
ADBE,2017-03-16
ADBE,2016-12-15
ADBE,2016-09-20
ADBE,2016-06-21
ADBE,2016-03-17
ADBE,2015-12-10
ADBE,2015-09-17
ADBE,2015-06-16
ADBE,2015-03-17
ADBE,2014-12-11
ADBE,2014-09-16
ADBE,2014-06-17
ADBE,2014-03-18
ADBE,2013-12-12
ADBE,2013-09-17
ADBE,2013-06-18
ADBE,2013-03-19
ADBE,2012-12-13
ADBE,2012-09-19
ADBE,2012-06-19
ADBE,2012-03-19
ADBE,2011-12-15
ADBE,2011-09-20
ADBE,2011-06-21
ADBE,2011-03-22
ADBE,2010-12-20
ADBE,2010-09-21
ADBE,2010-06-22
ADBE,2010-03-23
ADBE,2009-12-15
ADBE,2009-09-15
ADBE,2009-06-16
ADBE,2009-03-17
ADBE,2008-12-16
ADBE,2008-09-16
ADBE,2008-06-16
ADBE,2008-03-18
ADBE,2007-12-17
ADBE,2007-09-17
ADBE,2007-06-14
ADBE,2007-03-20
ADBE,2006-12-14
ADBE,2006-09-14
ADBE,2006-06-15
ADBE,2006-03-22
ADBE,2005-12-15
ADBE,2005-09-15
ADBE,2005-06-16
ADBE,2005-03-17
ADBE,2004-12-16
ADBE,2004-09-20
ADBE,2004-06-17
ADBE,2004-03-18
ADBE,2003-12-11
ADBE,2003-09-10
ADBE,2003-06-12
ADBE,2003-03-13
ADBE,2002-12-12
ADBE,2002-09-12
ADBE,2002-06-13
ADBE,2002-03-14
CRM,2026-12-02
CRM,2026-08-26
CRM,2026-05-27
CRM,2026-02-25
CRM,2025-12-03
CRM,2025-09-03
CRM,2025-05-28
CRM,2025-02-26
CRM,2024-12-03
CRM,2024-08-28
CRM,2024-05-29
CRM,2024-02-28
CRM,2023-11-29
CRM,2023-08-30
CRM,2023-05-31
CRM,2023-03-01
CRM,2022-11-30
CRM,2022-08-24
CRM,2022-05-31
CRM,2022-03-01
CRM,2021-11-30
CRM,2021-08-25
CRM,2021-05-27
CRM,2021-02-25
CRM,2020-12-01
CRM,2020-08-25
CRM,2020-05-28
CRM,2020-02-25
CRM,2019-12-03
CRM,2019-08-22
CRM,2019-06-04
CRM,2019-03-04
CRM,2018-11-27
CRM,2018-08-29
CRM,2018-05-29
CRM,2018-02-28
CRM,2017-11-21
CRM,2017-08-22
CRM,2017-05-18
CRM,2017-02-28
CRM,2016-11-17
CRM,2016-08-31
CRM,2016-05-18
CRM,2016-02-24
CRM,2015-11-18
CRM,2015-08-20
CRM,2015-05-20
CRM,2015-02-25
CRM,2014-11-19
CRM,2014-08-21
CRM,2014-05-20
CRM,2014-02-27
CRM,2013-11-18
CRM,2013-08-29
CRM,2013-05-23
CRM,2013-02-28
CRM,2012-11-20
CRM,2012-08-23
CRM,2012-05-17
CRM,2012-02-23
CRM,2011-11-17
CRM,2011-08-18
CRM,2011-05-19
CRM,2011-02-24
CRM,2010-11-18
CRM,2010-08-19
CRM,2010-05-20
CRM,2010-02-24
CRM,2009-11-17
CRM,2009-08-20
CRM,2009-05-21
CRM,2009-02-25
CRM,2008-11-20
CRM,2008-08-20
CRM,2008-05-21
CRM,2008-02-27
CRM,2007-11-15
CRM,2007-08-15
CRM,2007-05-16
CRM,2007-02-21
CRM,2006-11-15
CRM,2006-08-16
CRM,2006-05-17
CRM,2006-02-22
CRM,2005-11-16
CRM,2005-08-17
CRM,2005-05-18
CRM,2005-02-17
CRM,2004-11-17
CRM,2004-08-19
INTC,2026-10-22
INTC,2026-07-23
INTC,2026-04-23
INTC,2026-01-22
INTC,2025-10-23
INTC,2025-07-24
INTC,2025-04-24
INTC,2025-01-30
INTC,2024-10-31
INTC,2024-08-01
INTC,2024-04-25
INTC,2024-01-25
INTC,2023-10-26
INTC,2023-07-27
INTC,2023-04-27
INTC,2023-01-26
INTC,2022-10-27
INTC,2022-07-28
INTC,2022-04-28
INTC,2022-01-26
INTC,2021-10-21
INTC,2021-07-22
INTC,2021-04-22
INTC,2021-01-21
INTC,2020-10-22
INTC,2020-07-23
INTC,2020-04-23
INTC,2020-01-23
INTC,2019-10-24
INTC,2019-07-25
INTC,2019-04-25
INTC,2019-01-24
INTC,2018-10-25
INTC,2018-07-26
INTC,2018-04-26
INTC,2018-01-25
INTC,2017-10-26
INTC,2017-07-27
INTC,2017-04-27
INTC,2017-01-26
INTC,2016-10-18
INTC,2016-07-20
INTC,2016-04-19
INTC,2016-01-14
INTC,2015-10-13
INTC,2015-07-15
INTC,2015-04-27
INTC,2015-01-15
INTC,2014-10-14
INTC,2014-07-15
INTC,2014-04-25
INTC,2014-01-16
INTC,2013-10-15
INTC,2013-07-17
INTC,2013-04-16
INTC,2013-01-17
INTC,2012-10-16
INTC,2012-07-17
INTC,2012-04-17
INTC,2012-01-19
INTC,2011-10-18
INTC,2011-07-20
INTC,2011-04-19
INTC,2011-01-13
INTC,2010-10-12
INTC,2010-07-13
INTC,2010-04-13
INTC,2010-01-14
INTC,2009-10-13
INTC,2009-07-14
INTC,2009-04-14
INTC,2009-01-15
INTC,2008-10-14
INTC,2008-07-16
INTC,2008-04-15
INTC,2008-01-15
INTC,2007-10-16
INTC,2007-07-17
INTC,2007-04-17
INTC,2007-01-16
INTC,2006-10-17
INTC,2006-07-19
INTC,2006-04-19
INTC,2006-01-17
INTC,2005-10-18
INTC,2005-07-19
INTC,2005-04-19
INTC,2005-01-11
INTC,2004-10-12
INTC,2004-07-13
INTC,2004-04-13
INTC,2004-01-14
INTC,2003-10-14
INTC,2003-07-15
INTC,2003-04-15
INTC,2003-01-14
INTC,2002-10-15
INTC,2002-07-16
INTC,2002-07-16
INTC,2002-04-16
AVGO,2026-12-09
AVGO,2026-09-02
AVGO,2026-06-03
AVGO,2026-03-04
AVGO,2025-12-11
AVGO,2025-09-04
AVGO,2025-06-05
AVGO,2025-03-06
AVGO,2024-12-12
AVGO,2024-09-05
AVGO,2024-06-12
AVGO,2024-03-07
AVGO,2023-12-07
AVGO,2023-08-31
AVGO,2023-06-01
AVGO,2023-03-02
AVGO,2022-12-08
AVGO,2022-09-01
AVGO,2022-05-26
AVGO,2022-03-03
AVGO,2021-12-09
AVGO,2021-09-02
AVGO,2021-06-03
AVGO,2021-03-04
AVGO,2020-12-10
AVGO,2020-09-03
AVGO,2020-06-04
AVGO,2020-03-12
AVGO,2019-12-12
AVGO,2019-09-12
AVGO,2019-06-13
AVGO,2019-03-14
AVGO,2018-12-06
AVGO,2018-09-06
AVGO,2018-06-07
AVGO,2018-03-15
AVGO,2017-12-06
AVGO,2017-08-24
AVGO,2017-06-01
AVGO,2017-03-01
AVGO,2016-12-08
AVGO,2016-09-01
AVGO,2016-06-02
AVGO,2016-03-03
AVGO,2015-12-02
AVGO,2015-08-26
AVGO,2015-05-28
AVGO,2015-02-25
AVGO,2014-12-03
AVGO,2014-08-28
AVGO,2014-05-29
AVGO,2014-02-25
AVGO,2013-12-04
AVGO,2013-08-27
AVGO,2013-05-29
AVGO,2013-02-26
AVGO,2012-11-29
AVGO,2012-08-16
AVGO,2012-05-22
AVGO,2012-02-22
AVGO,2011-12-01
AVGO,2011-08-23
AVGO,2011-05-24
AVGO,2011-02-23
AVGO,2010-12-02
AVGO,2010-09-01
AVGO,2010-08-24
AVGO,2010-05-26
AVGO,2010-02-24
AVGO,2009-12-03
QCOM,2026-10-29
QCOM,2026-07-29
QCOM,2026-04-29
QCOM,2026-02-04
QCOM,2025-11-05
QCOM,2025-07-30
QCOM,2025-04-30
QCOM,2025-02-05
QCOM,2024-11-06
QCOM,2024-07-31
QCOM,2024-05-01
QCOM,2024-01-31
QCOM,2023-11-01
QCOM,2023-08-02
QCOM,2023-05-03
QCOM,2023-02-02
QCOM,2022-11-02
QCOM,2022-07-27
QCOM,2022-04-27
QCOM,2022-02-02
QCOM,2021-11-03
QCOM,2021-07-28
QCOM,2021-04-28
QCOM,2021-02-03
QCOM,2020-11-04
QCOM,2020-07-29
QCOM,2020-04-29
QCOM,2020-02-05
QCOM,2019-11-06
QCOM,2019-07-31
QCOM,2019-05-01
QCOM,2019-01-30
QCOM,2018-11-07
QCOM,2018-07-25
QCOM,2018-04-25
QCOM,2018-01-31
QCOM,2017-11-01
QCOM,2017-07-19
QCOM,2017-04-19
QCOM,2017-01-25
QCOM,2016-11-02
QCOM,2016-07-20
QCOM,2016-04-20
QCOM,2016-01-27
QCOM,2015-11-04
QCOM,2015-07-22
QCOM,2015-04-22
QCOM,2015-01-28
QCOM,2014-11-05
QCOM,2014-07-23
QCOM,2014-04-23
QCOM,2014-01-29
QCOM,2013-11-06
QCOM,2013-07-24
QCOM,2013-04-24
QCOM,2013-01-30
QCOM,2012-11-07
QCOM,2012-07-18
QCOM,2012-04-18
QCOM,2012-02-01
QCOM,2011-11-02
QCOM,2011-07-20
QCOM,2011-04-20
QCOM,2011-01-26
QCOM,2010-11-03
QCOM,2010-07-21
QCOM,2010-04-21
QCOM,2010-01-27
QCOM,2009-11-04
QCOM,2009-07-22
QCOM,2009-04-27
QCOM,2009-01-28
QCOM,2008-11-06
QCOM,2008-07-23
QCOM,2008-04-23
QCOM,2008-01-23
QCOM,2007-11-08
QCOM,2007-07-25
QCOM,2007-04-25
QCOM,2007-01-24
QCOM,2006-11-02
QCOM,2006-07-19
QCOM,2006-04-19
QCOM,2006-01-25
QCOM,2005-11-02
QCOM,2005-07-20
QCOM,2005-04-20
QCOM,2005-01-19
QCOM,2004-11-03
QCOM,2004-07-21
QCOM,2004-04-21
QCOM,2004-01-21
QCOM,2003-11-05
QCOM,2003-07-23
QCOM,2003-04-23
QCOM,2003-01-22
QCOM,2002-11-07
QCOM,2002-07-25
QCOM,2002-04-24
QCOM,2002-01-24
GOOGL,2026-10-28
GOOGL,2026-07-22
GOOGL,2026-04-29
GOOGL,2026-02-04
GOOGL,2025-10-29
GOOGL,2025-07-23
GOOGL,2025-04-24
GOOGL,2025-02-04
GOOGL,2024-10-29
GOOGL,2024-07-23
GOOGL,2024-04-25
GOOGL,2024-01-30
GOOGL,2023-10-24
GOOGL,2023-07-25
GOOGL,2023-04-25
GOOGL,2023-02-02
GOOGL,2022-10-25
GOOGL,2022-07-26
GOOGL,2022-04-26
GOOGL,2022-02-01
GOOGL,2021-10-26
GOOGL,2021-07-27
GOOGL,2021-04-27
GOOGL,2021-02-02
GOOGL,2020-10-29
GOOGL,2020-07-30
GOOGL,2020-04-28
GOOGL,2020-02-03
GOOGL,2019-10-28
GOOGL,2019-07-25
GOOGL,2019-04-29
GOOGL,2019-02-04
GOOGL,2018-10-25
GOOGL,2018-07-23
GOOGL,2018-04-23
GOOGL,2018-02-01
GOOGL,2017-10-26
GOOGL,2017-07-24
GOOGL,2017-04-27
GOOGL,2017-01-26
GOOGL,2016-10-27
GOOGL,2016-07-28
GOOGL,2016-04-21
GOOGL,2016-02-01
GOOGL,2015-10-22
GOOGL,2015-07-16
GOOGL,2015-04-23
GOOGL,2015-01-29
GOOGL,2014-10-16
GOOGL,2014-07-17
GOOGL,2014-04-16
GOOGL,2014-01-30
GOOGL,2013-10-17
GOOGL,2013-07-18
GOOGL,2013-04-18
GOOGL,2013-01-22
GOOGL,2012-10-18
GOOGL,2012-07-19
GOOGL,2012-04-12
GOOGL,2012-01-19
GOOGL,2011-10-13
GOOGL,2011-07-14
GOOGL,2011-04-14
GOOGL,2011-01-20
GOOGL,2010-10-14
GOOGL,2010-07-15
GOOGL,2010-05-05
GOOGL,2010-01-21
GOOGL,2009-10-15
GOOGL,2009-07-16
GOOGL,2009-04-16
GOOGL,2009-01-22
GOOGL,2008-10-16
GOOGL,2008-07-17
GOOGL,2008-04-17
GOOGL,2008-01-31
GOOGL,2007-10-18
GOOGL,2007-07-19
GOOGL,2007-04-19
GOOGL,2007-01-31
GOOGL,2006-10-19
GOOGL,2006-07-20
GOOGL,2006-04-20
GOOGL,2006-01-31
GOOGL,2005-10-20
GOOGL,2005-07-21
GOOGL,2005-04-21
GOOGL,2005-02-01
GOOGL,2004-10-21
META,2026-10-28
META,2026-07-29
META,2026-04-29
META,2026-01-28
META,2025-10-29
META,2025-07-30
META,2025-04-30
META,2025-01-29
META,2024-10-30
META,2024-07-31
META,2024-04-24
META,2024-02-01
META,2023-10-25
META,2023-07-26
META,2023-04-26
META,2023-02-01
META,2022-10-26
META,2022-07-27
META,2022-04-27
META,2022-02-02
META,2021-10-25
META,2021-07-28
META,2021-04-28
META,2021-01-27
META,2020-10-29
META,2020-07-30
META,2020-04-29
META,2020-01-29
META,2019-10-30
META,2019-07-24
META,2019-04-24
META,2019-01-30
META,2018-10-30
META,2018-07-25
META,2018-04-25
META,2018-01-31
META,2017-11-01
META,2017-07-26
META,2017-05-03
META,2017-02-01
META,2016-11-02
META,2016-07-27
META,2016-04-27
META,2016-01-27
META,2015-11-04
META,2015-07-29
META,2015-04-22
META,2015-01-28
META,2014-10-28
META,2014-07-23
META,2014-04-23
META,2014-01-29
META,2013-10-30
META,2013-07-24
META,2013-05-01
META,2013-01-30
META,2012-10-23
META,2012-07-26
DIS,2026-11-12
DIS,2026-08-05
DIS,2026-05-06
DIS,2026-02-02
DIS,2025-11-13
DIS,2025-08-06
DIS,2025-05-07
DIS,2025-02-05
DIS,2024-11-14
DIS,2024-08-07
DIS,2024-05-07
DIS,2024-02-07
DIS,2023-11-08
DIS,2023-08-09
DIS,2023-05-10
DIS,2023-02-08
DIS,2022-11-08
DIS,2022-08-10
DIS,2022-05-11
DIS,2022-02-09
DIS,2021-11-10
DIS,2021-08-12
DIS,2021-05-13
DIS,2021-02-11
DIS,2020-11-12
DIS,2020-08-04
DIS,2020-05-05
DIS,2020-02-04
DIS,2019-11-07
DIS,2019-08-06
DIS,2019-05-08
DIS,2019-02-05
DIS,2018-11-08
DIS,2018-08-07
DIS,2018-05-08
DIS,2018-02-06
DIS,2017-11-09
DIS,2017-08-08
DIS,2017-05-09
DIS,2017-02-07
DIS,2016-11-10
DIS,2016-08-09
DIS,2016-05-10
DIS,2016-02-09
DIS,2015-11-05
DIS,2015-08-04
DIS,2015-05-05
DIS,2015-02-03
DIS,2014-11-06
DIS,2014-08-05
DIS,2014-05-06
DIS,2014-02-05
DIS,2013-11-07
DIS,2013-08-06
DIS,2013-05-07
DIS,2013-02-05
DIS,2012-11-08
DIS,2012-08-07
DIS,2012-05-08
DIS,2012-02-07
DIS,2011-11-10
DIS,2011-08-09
DIS,2011-05-10
DIS,2011-02-08
DIS,2010-11-11
DIS,2010-08-10
DIS,2010-05-11
DIS,2010-02-09
DIS,2009-11-12
DIS,2009-07-30
DIS,2009-05-05
DIS,2009-02-03
DIS,2008-11-06
DIS,2008-07-30
DIS,2008-05-06
DIS,2008-02-05
DIS,2007-11-08
DIS,2007-08-01
DIS,2007-05-08
DIS,2007-02-07
DIS,2006-11-09
DIS,2006-08-09
DIS,2006-05-09
DIS,2006-02-06
DIS,2005-11-17
DIS,2005-08-09
DIS,2005-05-11
DIS,2005-01-31
DIS,2004-11-18
DIS,2004-08-10
DIS,2004-05-12
DIS,2004-02-11
DIS,2003-11-20
DIS,2003-07-31
DIS,2003-05-01
DIS,2003-01-30
DIS,2002-11-07
DIS,2002-08-01
DIS,2002-04-25
DIS,2002-01-31
NFLX,2026-10-20
NFLX,2026-07-16
NFLX,2026-04-16
NFLX,2026-01-20
NFLX,2025-10-21
NFLX,2025-07-17
NFLX,2025-04-17
NFLX,2025-01-21
NFLX,2024-10-17
NFLX,2024-07-18
NFLX,2024-04-18
NFLX,2024-01-23
NFLX,2023-10-18
NFLX,2023-07-19
NFLX,2023-04-18
NFLX,2023-01-19
NFLX,2022-10-18
NFLX,2022-07-19
NFLX,2022-04-19
NFLX,2022-01-20
NFLX,2021-10-19
NFLX,2021-07-20
NFLX,2021-04-20
NFLX,2021-01-19
NFLX,2020-10-20
NFLX,2020-07-16
NFLX,2020-04-21
NFLX,2020-01-21
NFLX,2019-10-16
NFLX,2019-07-17
NFLX,2019-04-16
NFLX,2019-01-17
NFLX,2018-10-16
NFLX,2018-07-16
NFLX,2018-04-16
NFLX,2018-01-22
NFLX,2017-10-16
NFLX,2017-07-17
NFLX,2017-04-17
NFLX,2017-01-18
NFLX,2016-10-17
NFLX,2016-07-18
NFLX,2016-04-18
NFLX,2016-01-19
NFLX,2015-10-14
NFLX,2015-07-15
NFLX,2015-04-15
NFLX,2015-01-20
NFLX,2014-10-15
NFLX,2014-07-21
NFLX,2014-04-21
NFLX,2014-01-22
NFLX,2013-10-21
NFLX,2013-07-22
NFLX,2013-04-22
NFLX,2013-01-23
NFLX,2012-10-23
NFLX,2012-07-24
NFLX,2012-04-23
NFLX,2012-01-25
NFLX,2011-10-24
NFLX,2011-07-25
NFLX,2011-04-25
NFLX,2011-01-26
NFLX,2010-10-20
NFLX,2010-07-21
NFLX,2010-04-21
NFLX,2010-01-27
NFLX,2009-10-22
NFLX,2009-07-23
NFLX,2009-04-23
NFLX,2009-01-26
NFLX,2008-10-20
NFLX,2008-07-25
NFLX,2008-04-21
NFLX,2008-01-23
NFLX,2007-10-22
NFLX,2007-07-23
NFLX,2007-04-18
NFLX,2007-01-24
NFLX,2006-10-23
NFLX,2006-07-24
NFLX,2006-04-24
NFLX,2006-01-24
NFLX,2005-10-19
NFLX,2005-07-25
NFLX,2005-04-21
NFLX,2005-01-24
NFLX,2004-10-14
NFLX,2004-07-15
NFLX,2004-04-15
NFLX,2004-01-21
NFLX,2003-10-15
NFLX,2003-07-17
NFLX,2003-04-17
NFLX,2003-01-15
NFLX,2002-10-17
NFLX,2002-07-24
CMCSA,2026-10-22
CMCSA,2026-07-23
CMCSA,2026-04-23
CMCSA,2026-01-29
CMCSA,2025-10-30
CMCSA,2025-07-31
CMCSA,2025-04-24
CMCSA,2025-01-30
CMCSA,2024-10-31
CMCSA,2024-07-23
CMCSA,2024-04-25
CMCSA,2024-01-25
CMCSA,2023-10-26
CMCSA,2023-07-27
CMCSA,2023-04-27
CMCSA,2023-01-26
CMCSA,2022-10-27
CMCSA,2022-07-28
CMCSA,2022-04-28
CMCSA,2022-01-27
CMCSA,2021-10-28
CMCSA,2021-07-29
CMCSA,2021-04-29
CMCSA,2021-01-28
CMCSA,2020-10-29
CMCSA,2020-07-30
CMCSA,2020-04-30
CMCSA,2020-01-23
CMCSA,2019-10-24
CMCSA,2019-07-25
CMCSA,2019-04-25
CMCSA,2019-01-23
CMCSA,2018-10-25
CMCSA,2018-07-26
CMCSA,2018-04-25
CMCSA,2018-01-24
CMCSA,2017-10-26
CMCSA,2017-07-27
CMCSA,2017-04-27
CMCSA,2017-01-26
CMCSA,2016-10-26
CMCSA,2016-07-27
CMCSA,2016-04-27
CMCSA,2016-02-03
CMCSA,2015-10-27
CMCSA,2015-07-23
CMCSA,2015-05-04
CMCSA,2015-02-24
CMCSA,2014-10-23
CMCSA,2014-07-22
CMCSA,2014-04-22
CMCSA,2014-01-28
CMCSA,2013-10-30
CMCSA,2013-07-31
CMCSA,2013-05-01
CMCSA,2013-02-12
CMCSA,2012-10-26
CMCSA,2012-08-01
CMCSA,2012-05-02
CMCSA,2012-02-15
CMCSA,2011-11-02
CMCSA,2011-08-03
CMCSA,2011-05-03
CMCSA,2011-02-16
CMCSA,2010-10-27
CMCSA,2010-07-28
CMCSA,2010-04-28
CMCSA,2010-02-03
CMCSA,2009-11-04
CMCSA,2009-08-06
CMCSA,2009-04-30
CMCSA,2009-02-18
CMCSA,2008-10-29
CMCSA,2008-07-30
CMCSA,2008-05-01
CMCSA,2008-02-14
CMCSA,2007-10-25
CMCSA,2007-07-26
CMCSA,2007-04-26
CMCSA,2007-02-01
CMCSA,2006-10-26
CMCSA,2006-07-27
CMCSA,2006-04-27
CMCSA,2006-02-02
CMCSA,2005-11-03
CMCSA,2005-08-02
CMCSA,2005-04-28
CMCSA,2005-02-03
CMCSA,2004-10-27
CMCSA,2004-07-28
CMCSA,2004-04-28
CMCSA,2004-02-11
CMCSA,2003-10-30
CMCSA,2003-07-31
CMCSA,2003-05-08
CMCSA,2003-02-27
CMCSA,2002-10-28
CMCSA,2002-08-01
CMCSA,2002-05-01
CMCSA,2002-02-06
AMZN,2026-10-29
AMZN,2026-07-30
AMZN,2026-04-29
AMZN,2026-02-05
AMZN,2025-10-30
AMZN,2025-07-31
AMZN,2025-05-01
AMZN,2025-02-06
AMZN,2024-10-31
AMZN,2024-08-01
AMZN,2024-04-30
AMZN,2024-02-01
AMZN,2023-10-26
AMZN,2023-08-03
AMZN,2023-04-27
AMZN,2023-02-02
AMZN,2022-10-27
AMZN,2022-07-28
AMZN,2022-04-28
AMZN,2022-02-03
AMZN,2021-10-28
AMZN,2021-07-29
AMZN,2021-04-29
AMZN,2021-02-02
AMZN,2020-10-29
AMZN,2020-07-30
AMZN,2020-04-30
AMZN,2020-01-30
AMZN,2019-10-24
AMZN,2019-07-25
AMZN,2019-04-25
AMZN,2019-01-31
AMZN,2018-10-25
AMZN,2018-07-26
AMZN,2018-04-26
AMZN,2018-02-01
AMZN,2017-10-26
AMZN,2017-07-27
AMZN,2017-04-27
AMZN,2017-02-02
AMZN,2016-10-27
AMZN,2016-07-28
AMZN,2016-04-28
AMZN,2016-01-28
AMZN,2015-10-22
AMZN,2015-07-23
AMZN,2015-04-23
AMZN,2015-01-29
AMZN,2014-10-23
AMZN,2014-07-24
AMZN,2014-04-24
AMZN,2014-01-30
AMZN,2013-10-24
AMZN,2013-07-25
AMZN,2013-04-25
AMZN,2013-01-29
AMZN,2012-10-25
AMZN,2012-07-26
AMZN,2012-04-26
AMZN,2012-01-31
AMZN,2011-10-25
AMZN,2011-07-26
AMZN,2011-04-26
AMZN,2011-01-27
AMZN,2010-10-21
AMZN,2010-07-22
AMZN,2010-04-22
AMZN,2010-01-28
AMZN,2009-10-22
AMZN,2009-07-23
AMZN,2009-04-23
AMZN,2009-01-29
AMZN,2008-10-22
AMZN,2008-07-23
AMZN,2008-04-23
AMZN,2008-01-30
AMZN,2007-10-23
AMZN,2007-07-24
AMZN,2007-04-24
AMZN,2007-02-01
AMZN,2006-10-24
AMZN,2006-07-25
AMZN,2006-04-25
AMZN,2006-02-02
AMZN,2005-10-25
AMZN,2005-07-26
AMZN,2005-04-26
AMZN,2005-02-02
AMZN,2004-10-21
AMZN,2004-07-22
AMZN,2004-04-22
AMZN,2004-01-27
AMZN,2003-10-21
AMZN,2003-07-22
AMZN,2003-04-24
AMZN,2003-01-23
AMZN,2002-10-24
AMZN,2002-07-23
AMZN,2002-07-23
AMZN,2002-04-23
HD,2026-11-17
HD,2026-08-18
HD,2026-05-19
HD,2026-02-24
HD,2025-11-18
HD,2025-08-19
HD,2025-05-20
HD,2025-02-25
HD,2024-11-12
HD,2024-08-13
HD,2024-05-14
HD,2024-02-20
HD,2023-11-14
HD,2023-08-15
HD,2023-05-16
HD,2023-02-21
HD,2022-11-15
HD,2022-08-16
HD,2022-05-17
HD,2022-02-22
HD,2021-11-16
HD,2021-08-17
HD,2021-05-18
HD,2021-02-23
HD,2020-11-17
HD,2020-08-18
HD,2020-05-19
HD,2020-02-25
HD,2019-11-19
HD,2019-08-20
HD,2019-05-21
HD,2019-02-26
HD,2018-11-13
HD,2018-08-14
HD,2018-05-15
HD,2018-02-20
HD,2017-11-14
HD,2017-08-15
HD,2017-05-16
HD,2017-02-21
HD,2016-11-15
HD,2016-08-16
HD,2016-05-17
HD,2016-02-23
HD,2015-11-17
HD,2015-08-18
HD,2015-05-19
HD,2015-02-24
HD,2014-11-18
HD,2014-08-19
HD,2014-05-20
HD,2014-02-25
HD,2013-11-19
HD,2013-08-20
HD,2013-05-21
HD,2013-02-26
HD,2012-11-13
HD,2012-08-14
HD,2012-05-15
HD,2012-02-21
HD,2011-11-15
HD,2011-08-16
HD,2011-05-17
HD,2011-02-22
HD,2010-11-16
HD,2010-08-17
HD,2010-05-18
HD,2010-02-23
HD,2009-11-17
HD,2009-08-18
HD,2009-05-19
HD,2009-02-24
HD,2008-11-18
HD,2008-08-19
HD,2008-05-20
HD,2008-02-26
HD,2007-11-13
HD,2007-08-14
HD,2007-05-15
HD,2007-02-20
HD,2006-11-14
HD,2006-08-15
HD,2006-05-16
HD,2006-02-21
HD,2005-11-15
HD,2005-08-16
HD,2005-05-17
HD,2005-02-22
HD,2004-11-16
HD,2004-08-17
HD,2004-05-18
HD,2004-02-24
HD,2003-11-18
HD,2003-08-19
HD,2003-05-20
HD,2003-02-25
HD,2002-11-19
HD,2002-08-20
HD,2002-05-21
HD,2002-02-26
MCD,2026-11-05
MCD,2026-08-04
MCD,2026-05-07
MCD,2026-02-11
MCD,2025-11-05
MCD,2025-08-06
MCD,2025-05-01
MCD,2025-02-10
MCD,2024-10-29
MCD,2024-07-29
MCD,2024-04-30
MCD,2024-02-05
MCD,2023-10-30
MCD,2023-07-27
MCD,2023-04-25
MCD,2023-01-31
MCD,2022-10-27
MCD,2022-07-26
MCD,2022-04-28
MCD,2022-01-27
MCD,2021-10-27
MCD,2021-07-28
MCD,2021-04-29
MCD,2021-01-28
MCD,2020-11-09
MCD,2020-07-28
MCD,2020-04-30
MCD,2020-01-29
MCD,2019-10-22
MCD,2019-07-26
MCD,2019-04-30
MCD,2019-01-30
MCD,2018-10-23
MCD,2018-07-26
MCD,2018-04-30
MCD,2018-01-30
MCD,2017-10-24
MCD,2017-07-25
MCD,2017-04-25
MCD,2017-01-23
MCD,2016-10-21
MCD,2016-07-26
MCD,2016-04-22
MCD,2016-01-25
MCD,2015-10-22
MCD,2015-07-23
MCD,2015-04-22
MCD,2015-01-23
MCD,2014-10-21
MCD,2014-07-22
MCD,2014-04-22
MCD,2014-01-23
MCD,2013-10-21
MCD,2013-07-22
MCD,2013-04-19
MCD,2013-01-23
MCD,2012-10-19
MCD,2012-07-23
MCD,2012-04-20
MCD,2012-01-24
MCD,2011-10-21
MCD,2011-07-22
MCD,2011-04-21
MCD,2011-01-24
MCD,2010-10-21
MCD,2010-07-23
MCD,2010-04-21
MCD,2010-01-22
MCD,2009-10-22
MCD,2009-07-23
MCD,2009-04-22
MCD,2009-01-26
MCD,2008-10-22
MCD,2008-07-23
MCD,2008-04-22
MCD,2008-01-28
MCD,2007-10-19
MCD,2007-07-24
MCD,2007-04-20
MCD,2007-01-24
MCD,2006-10-19
MCD,2006-07-25
MCD,2006-04-21
MCD,2006-01-24
MCD,2005-10-20
MCD,2005-07-21
MCD,2005-04-21
MCD,2005-01-28
MCD,2004-10-19
MCD,2004-07-22
MCD,2004-04-27
MCD,2004-01-26
MCD,2003-10-22
MCD,2003-07-29
MCD,2003-04-28
MCD,2003-01-23
MCD,2002-10-22
MCD,2002-07-22
MCD,2002-04-18
MCD,2002-01-24
NKE,2026-10-01
NKE,2026-06-30
NKE,2026-03-31
NKE,2025-12-18
NKE,2025-09-30
NKE,2025-06-26
NKE,2025-03-20
NKE,2024-12-19
NKE,2024-10-01
NKE,2024-06-27
NKE,2024-03-21
NKE,2023-12-21
NKE,2023-09-28
NKE,2023-06-29
NKE,2023-03-21
NKE,2022-12-20
NKE,2022-09-29
NKE,2022-06-27
NKE,2022-03-21
NKE,2021-12-20
NKE,2021-09-23
NKE,2021-06-24
NKE,2021-03-18
NKE,2020-12-18
NKE,2020-09-22
NKE,2020-06-25
NKE,2020-03-24
NKE,2019-12-19
NKE,2019-09-24
NKE,2019-06-27
NKE,2019-03-21
NKE,2018-12-20
NKE,2018-09-25
NKE,2018-06-28
NKE,2018-03-22
NKE,2017-12-21
NKE,2017-09-26
NKE,2017-06-29
NKE,2017-03-21
NKE,2016-12-20
NKE,2016-09-27
NKE,2016-06-28
NKE,2016-03-22
NKE,2015-12-22
NKE,2015-09-24
NKE,2015-06-25
NKE,2015-03-19
NKE,2014-12-18
NKE,2014-09-25
NKE,2014-06-26
NKE,2014-03-20
NKE,2013-12-19
NKE,2013-09-26
NKE,2013-06-27
NKE,2013-03-21
NKE,2012-12-20
NKE,2012-09-27
NKE,2012-06-28
NKE,2012-03-22
NKE,2011-12-20
NKE,2011-09-22
NKE,2011-06-27
NKE,2011-03-17
NKE,2010-12-21
NKE,2010-09-23
NKE,2010-06-23
NKE,2010-03-17
NKE,2009-12-17
NKE,2009-09-29
NKE,2009-06-24
NKE,2009-03-18
NKE,2008-12-17
NKE,2008-09-24
NKE,2008-06-25
NKE,2008-03-19
NKE,2007-12-19
NKE,2007-09-20
NKE,2007-06-26
NKE,2007-03-22
NKE,2006-12-20
NKE,2006-09-21
NKE,2006-06-27
NKE,2006-03-21
NKE,2005-12-20
NKE,2005-09-19
NKE,2005-06-27
NKE,2005-03-17
NKE,2004-12-16
NKE,2004-09-20
NKE,2004-06-24
NKE,2004-03-18
NKE,2003-12-18
NKE,2003-09-18
NKE,2003-06-26
NKE,2003-03-19
NKE,2002-12-19
NKE,2002-09-18
NKE,2002-06-27
NKE,2002-03-21
NKE,2001-12-20
SBUX,2026-10-28
SBUX,2026-07-29
SBUX,2026-04-28
SBUX,2026-01-28
SBUX,2025-10-29
SBUX,2025-07-29
SBUX,2025-04-29
SBUX,2025-01-28
SBUX,2024-10-30
SBUX,2024-07-30
SBUX,2024-04-30
SBUX,2024-01-30
SBUX,2023-11-02
SBUX,2023-08-01
SBUX,2023-05-02
SBUX,2023-02-02
SBUX,2022-11-03
SBUX,2022-08-02
SBUX,2022-05-03
SBUX,2022-02-01
SBUX,2021-10-28
SBUX,2021-07-27
SBUX,2021-04-27
SBUX,2021-01-26
SBUX,2020-10-29
SBUX,2020-07-28
SBUX,2020-04-28
SBUX,2020-01-28
SBUX,2019-10-30
SBUX,2019-07-25
SBUX,2019-04-25
SBUX,2019-01-24
SBUX,2018-11-01
SBUX,2018-07-26
SBUX,2018-04-26
SBUX,2018-01-25
SBUX,2017-11-02
SBUX,2017-07-27
SBUX,2017-04-27
SBUX,2017-01-26
SBUX,2016-11-03
SBUX,2016-07-21
SBUX,2016-04-21
SBUX,2016-01-21
SBUX,2015-10-29
SBUX,2015-07-23
SBUX,2015-04-23
SBUX,2015-01-22
SBUX,2014-10-30
SBUX,2014-07-24
SBUX,2014-04-24
SBUX,2014-01-23
SBUX,2013-10-30
SBUX,2013-07-25
SBUX,2013-04-25
SBUX,2013-01-24
SBUX,2012-11-01
SBUX,2012-07-26
SBUX,2012-04-26
SBUX,2012-01-26
SBUX,2011-11-03
SBUX,2011-07-28
SBUX,2011-04-27
SBUX,2011-01-26
SBUX,2010-11-04
SBUX,2010-07-21
SBUX,2010-04-21
SBUX,2010-01-20
SBUX,2009-11-05
SBUX,2009-07-21
SBUX,2009-04-29
SBUX,2009-01-28
SBUX,2008-11-10
SBUX,2008-07-30
SBUX,2008-04-30
SBUX,2008-01-30
SBUX,2007-11-15
SBUX,2007-08-01
SBUX,2007-05-03
SBUX,2007-01-31
SBUX,2006-11-16
SBUX,2006-08-02
SBUX,2006-05-03
SBUX,2006-02-01
SBUX,2005-11-17
SBUX,2005-07-27
SBUX,2005-04-27
SBUX,2005-01-26
SBUX,2004-11-10
SBUX,2004-07-21
SBUX,2004-04-21
SBUX,2004-01-21
SBUX,2003-11-13
SBUX,2003-07-24
SBUX,2003-04-24
SBUX,2003-01-23
SBUX,2002-11-14
SBUX,2002-07-25
SBUX,2002-04-25
SBUX,2002-04-25
PG,2026-10-22
PG,2026-07-29
PG,2026-04-24
PG,2026-01-22
PG,2025-10-24
PG,2025-07-29
PG,2025-04-24
PG,2025-01-22
PG,2024-10-18
PG,2024-07-30
PG,2024-04-19
PG,2024-01-23
PG,2023-10-18
PG,2023-07-28
PG,2023-04-21
PG,2023-01-19
PG,2022-10-19
PG,2022-07-29
PG,2022-04-20
PG,2022-01-19
PG,2021-10-19
PG,2021-07-30
PG,2021-04-20
PG,2021-01-20
PG,2020-10-20
PG,2020-07-30
PG,2020-04-17
PG,2020-01-23
PG,2019-10-22
PG,2019-07-30
PG,2019-04-23
PG,2019-01-23
PG,2018-10-19
PG,2018-07-31
PG,2018-04-19
PG,2018-01-23
PG,2017-10-20
PG,2017-07-27
PG,2017-04-26
PG,2017-01-20
PG,2016-10-25
PG,2016-08-02
PG,2016-04-26
PG,2016-01-26
PG,2015-10-23
PG,2015-07-30
PG,2015-04-23
PG,2015-01-27
PG,2014-10-24
PG,2014-08-01
PG,2014-04-23
PG,2014-01-24
PG,2013-10-25
PG,2013-08-01
PG,2013-04-24
PG,2013-01-25
PG,2012-10-25
PG,2012-08-03
PG,2012-04-27
PG,2012-01-27
PG,2011-10-27
PG,2011-08-05
PG,2011-04-28
PG,2011-01-27
PG,2010-10-27
PG,2010-08-03
PG,2010-04-29
PG,2010-01-28
PG,2009-10-29
PG,2009-08-05
PG,2009-04-30
PG,2009-01-30
PG,2008-10-29
PG,2008-08-05
PG,2008-04-30
PG,2008-01-31
PG,2007-10-30
PG,2007-08-03
PG,2007-05-01
PG,2007-01-30
PG,2006-10-31
PG,2006-08-02
PG,2006-05-03
PG,2006-01-27
PG,2005-11-01
PG,2005-08-01
PG,2005-04-28
PG,2005-01-27
PG,2004-10-27
PG,2004-08-02
PG,2004-04-30
PG,2004-01-28
PG,2003-10-27
PG,2003-07-31
PG,2003-04-28
PG,2003-01-28
PG,2002-10-29
PG,2002-08-05
PG,2002-04-30
PG,2002-01-31
KO,2026-10-20
KO,2026-07-28
KO,2026-04-28
KO,2026-02-10
KO,2025-10-21
KO,2025-07-22
KO,2025-04-29
KO,2025-02-11
KO,2024-10-23
KO,2024-07-23
KO,2024-04-30
KO,2024-02-13
KO,2023-10-24
KO,2023-07-26
KO,2023-04-24
KO,2023-02-14
KO,2022-10-25
KO,2022-07-26
KO,2022-04-25
KO,2022-02-10
KO,2021-10-27
KO,2021-07-21
KO,2021-04-19
KO,2021-02-10
KO,2020-10-22
KO,2020-07-21
KO,2020-04-21
KO,2020-01-30
KO,2019-10-18
KO,2019-07-23
KO,2019-04-23
KO,2019-02-14
KO,2018-10-30
KO,2018-07-25
KO,2018-04-24
KO,2018-02-16
KO,2017-10-25
KO,2017-07-26
KO,2017-04-25
KO,2017-02-09
KO,2016-10-26
KO,2016-07-27
KO,2016-04-20
KO,2016-02-09
KO,2015-10-21
KO,2015-07-22
KO,2015-04-22
KO,2015-02-10
KO,2014-10-21
KO,2014-07-22
KO,2014-04-15
KO,2014-02-18
KO,2013-10-15
KO,2013-07-16
KO,2013-04-16
KO,2013-02-12
KO,2012-10-16
KO,2012-07-17
KO,2012-04-17
KO,2012-02-07
KO,2011-10-18
KO,2011-07-19
KO,2011-04-26
KO,2011-02-09
KO,2010-10-19
KO,2010-07-21
KO,2010-04-20
KO,2010-02-09
KO,2009-10-20
KO,2009-07-21
KO,2009-04-21
KO,2009-02-12
KO,2008-10-15
KO,2008-07-17
KO,2008-04-16
KO,2008-02-13
KO,2007-10-17
KO,2007-07-17
KO,2007-04-17
KO,2007-02-14
KO,2006-10-19
KO,2006-07-18
KO,2006-04-19
KO,2006-02-07
KO,2005-10-20
KO,2005-07-21
KO,2005-04-19
KO,2005-02-16
KO,2004-10-21
KO,2004-07-22
KO,2004-04-21
KO,2004-02-11
KO,2003-10-16
KO,2003-07-17
KO,2003-04-16
KO,2003-02-12
KO,2002-10-16
KO,2002-07-17
KO,2002-04-16
KO,2002-01-29
PEP,2026-10-08
PEP,2026-07-09
PEP,2026-04-16
PEP,2026-02-03
PEP,2025-10-09
PEP,2025-07-17
PEP,2025-04-24
PEP,2025-02-04
PEP,2024-10-08
PEP,2024-07-11
PEP,2024-04-23
PEP,2024-02-09
PEP,2023-10-10
PEP,2023-07-13
PEP,2023-04-25
PEP,2023-02-09
PEP,2022-10-12
PEP,2022-07-12
PEP,2022-04-26
PEP,2022-02-10
PEP,2021-10-05
PEP,2021-07-13
PEP,2021-04-15
PEP,2021-02-11
PEP,2020-10-01
PEP,2020-07-13
PEP,2020-04-28
PEP,2020-02-13
PEP,2019-10-03
PEP,2019-07-09
PEP,2019-04-17
PEP,2019-02-15
PEP,2018-10-02
PEP,2018-07-10
PEP,2018-04-26
PEP,2018-02-13
PEP,2017-10-04
PEP,2017-07-11
PEP,2017-04-26
PEP,2017-02-15
PEP,2016-09-29
PEP,2016-07-07
PEP,2016-04-18
PEP,2016-02-11
PEP,2015-10-06
PEP,2015-07-09
PEP,2015-04-23
PEP,2015-02-11
PEP,2014-10-09
PEP,2014-07-23
PEP,2014-04-17
PEP,2014-02-13
PEP,2013-10-16
PEP,2013-07-24
PEP,2013-04-18
PEP,2013-02-14
PEP,2012-10-17
PEP,2012-07-25
PEP,2012-04-26
PEP,2012-02-09
PEP,2011-10-12
PEP,2011-07-21
PEP,2011-04-28
PEP,2011-02-10
PEP,2010-10-07
PEP,2010-07-20
PEP,2010-04-22
PEP,2010-02-11
PEP,2009-10-08
PEP,2009-07-22
PEP,2009-04-20
PEP,2009-02-13
PEP,2008-10-14
PEP,2008-07-23
PEP,2008-04-24
PEP,2008-02-07
PEP,2007-10-11
PEP,2007-07-24
PEP,2007-04-25
PEP,2007-02-08
PEP,2006-10-12
PEP,2006-07-13
PEP,2006-04-26
PEP,2006-02-08
PEP,2005-09-29
PEP,2005-07-12
PEP,2005-04-14
PEP,2005-02-03
PEP,2004-09-30
PEP,2004-07-15
PEP,2004-04-15
PEP,2004-02-05
PEP,2003-10-07
PEP,2003-07-10
PEP,2003-04-17
PEP,2003-02-06
PEP,2002-10-08
PEP,2002-07-19
PEP,2002-04-23
PEP,2002-02-06
WMT,2026-11-19
WMT,2026-08-20
WMT,2026-05-21
WMT,2026-02-19
WMT,2025-11-20
WMT,2025-08-21
WMT,2025-05-15
WMT,2025-02-20
WMT,2024-11-19
WMT,2024-08-15
WMT,2024-05-16
WMT,2024-02-20
WMT,2023-11-16
WMT,2023-08-17
WMT,2023-05-18
WMT,2023-02-21
WMT,2022-11-15
WMT,2022-08-16
WMT,2022-05-17
WMT,2022-02-17
WMT,2021-11-16
WMT,2021-08-17
WMT,2021-05-18
WMT,2021-02-18
WMT,2020-11-17
WMT,2020-08-18
WMT,2020-05-19
WMT,2020-02-18
WMT,2019-11-14
WMT,2019-08-15
WMT,2019-05-16
WMT,2019-02-19
WMT,2018-11-15
WMT,2018-08-16
WMT,2018-05-17
WMT,2018-02-20
WMT,2017-11-16
WMT,2017-08-17
WMT,2017-05-18
WMT,2017-02-21
WMT,2016-11-17
WMT,2016-08-18
WMT,2016-05-19
WMT,2016-02-18
WMT,2015-11-17
WMT,2015-08-18
WMT,2015-05-19
WMT,2015-02-19
WMT,2014-11-13
WMT,2014-08-14
WMT,2014-05-15
WMT,2014-02-20
WMT,2013-11-14
WMT,2013-08-15
WMT,2013-05-16
WMT,2013-02-21
WMT,2012-11-15
WMT,2012-08-16
WMT,2012-05-17
WMT,2012-02-21
WMT,2011-11-15
WMT,2011-08-16
WMT,2011-05-17
WMT,2011-02-22
WMT,2010-11-16
WMT,2010-08-17
WMT,2010-05-18
WMT,2010-02-18
WMT,2009-11-12
WMT,2009-08-13
WMT,2009-05-14
WMT,2009-02-17
WMT,2008-11-13
WMT,2008-08-14
WMT,2008-05-13
WMT,2008-02-19
WMT,2007-11-13
WMT,2007-08-14
WMT,2007-05-15
WMT,2007-02-20
WMT,2006-11-14
WMT,2006-08-15
WMT,2006-05-16
WMT,2006-02-21
WMT,2005-11-14
WMT,2005-08-16
WMT,2005-05-12
WMT,2005-02-17
WMT,2004-11-16
WMT,2004-08-12
WMT,2004-05-13
WMT,2004-02-19
WMT,2003-11-13
WMT,2003-08-13
WMT,2003-05-13
WMT,2003-02-18
WMT,2002-11-13
WMT,2002-08-13
WMT,2002-08-13
WMT,2002-05-14
COST,2026-09-24
COST,2026-05-28
COST,2026-03-05
COST,2025-12-11
COST,2025-09-25
COST,2025-05-29
COST,2025-03-06
COST,2024-12-12
COST,2024-09-26
COST,2024-06-06
COST,2024-03-07
COST,2023-12-14
COST,2023-09-26
COST,2023-06-01
COST,2023-03-02
COST,2022-12-08
COST,2022-09-22
COST,2022-05-26
COST,2022-03-03
COST,2021-12-09
COST,2021-09-23
COST,2021-05-27
COST,2021-03-04
COST,2020-12-10
COST,2020-09-24
COST,2020-05-28
COST,2020-03-05
COST,2019-12-12
COST,2019-10-03
COST,2019-05-30
COST,2019-03-07
COST,2018-12-13
COST,2018-10-04
COST,2018-05-31
COST,2018-03-07
COST,2017-12-14
COST,2017-10-05
COST,2017-05-25
COST,2017-03-02
COST,2016-12-07
COST,2016-09-29
COST,2016-05-25
COST,2016-03-02
COST,2015-12-08
COST,2015-09-29
COST,2015-05-27
COST,2015-03-05
COST,2014-12-10
COST,2014-10-08
COST,2014-05-29
COST,2014-03-06
COST,2013-12-11
COST,2013-10-09
COST,2013-05-30
COST,2013-03-12
COST,2012-12-12
COST,2012-10-10
COST,2012-05-24
COST,2012-02-29
COST,2011-12-08
COST,2011-10-05
COST,2011-05-25
COST,2011-03-02
COST,2010-12-08
COST,2010-10-06
COST,2010-05-27
COST,2010-03-03
COST,2009-12-10
COST,2009-10-07
COST,2009-05-28
COST,2009-03-04
COST,2008-12-11
COST,2008-10-08
COST,2008-05-29
COST,2008-03-05
COST,2007-12-13
COST,2007-10-10
COST,2007-05-31
COST,2007-03-08
COST,2006-12-14
COST,2006-10-12
COST,2006-06-16
COST,2006-03-02
COST,2005-12-08
COST,2005-10-06
COST,2005-05-26
COST,2005-03-02
COST,2004-12-09
COST,2004-10-07
COST,2004-05-27
COST,2004-03-03
COST,2003-12-09
COST,2003-10-08
COST,2003-05-28
COST,2003-03-05
COST,2002-12-12
COST,2002-10-10
COST,2002-05-30
COST,2002-03-05
COST,2001-12-13
JNJ,2026-10-13
JNJ,2026-07-15
JNJ,2026-04-14
JNJ,2026-01-21
JNJ,2025-10-14
JNJ,2025-07-16
JNJ,2025-04-15
JNJ,2025-01-22
JNJ,2024-10-15
JNJ,2024-07-17
JNJ,2024-04-16
JNJ,2024-01-23
JNJ,2023-10-17
JNJ,2023-07-20
JNJ,2023-04-18
JNJ,2023-01-24
JNJ,2022-10-18
JNJ,2022-07-19
JNJ,2022-04-19
JNJ,2022-01-25
JNJ,2021-10-19
JNJ,2021-07-21
JNJ,2021-04-20
JNJ,2021-01-26
JNJ,2020-10-13
JNJ,2020-07-16
JNJ,2020-04-14
JNJ,2020-01-22
JNJ,2019-10-15
JNJ,2019-07-16
JNJ,2019-04-16
JNJ,2019-01-22
JNJ,2018-10-16
JNJ,2018-07-17
JNJ,2018-04-17
JNJ,2018-01-23
JNJ,2017-10-17
JNJ,2017-07-18
JNJ,2017-04-18
JNJ,2017-01-24
JNJ,2016-10-18
JNJ,2016-07-19
JNJ,2016-04-19
JNJ,2016-01-26
JNJ,2015-10-13
JNJ,2015-07-14
JNJ,2015-04-14
JNJ,2015-01-20
JNJ,2014-10-14
JNJ,2014-07-15
JNJ,2014-04-15
JNJ,2014-01-21
JNJ,2013-10-15
JNJ,2013-07-16
JNJ,2013-04-16
JNJ,2013-01-22
JNJ,2012-10-16
JNJ,2012-07-17
JNJ,2012-04-17
JNJ,2012-01-24
JNJ,2011-10-18
JNJ,2011-07-19
JNJ,2011-04-19
JNJ,2011-01-25
JNJ,2010-10-19
JNJ,2010-07-20
JNJ,2010-04-20
JNJ,2010-01-26
JNJ,2009-10-13
JNJ,2009-07-14
JNJ,2009-04-14
JNJ,2009-01-20
JNJ,2008-10-14
JNJ,2008-07-15
JNJ,2008-04-15
JNJ,2008-01-22
JNJ,2007-10-16
JNJ,2007-07-16
JNJ,2007-04-17
JNJ,2007-01-23
JNJ,2006-10-17
JNJ,2006-07-18
JNJ,2006-04-18
JNJ,2006-01-24
JNJ,2005-10-18
JNJ,2005-07-19
JNJ,2005-04-19
JNJ,2005-01-25
JNJ,2004-10-12
JNJ,2004-07-13
JNJ,2004-04-13
JNJ,2004-01-20
JNJ,2003-10-14
JNJ,2003-07-15
JNJ,2003-04-15
JNJ,2003-01-21
JNJ,2002-10-15
JNJ,2002-07-16
JNJ,2002-04-16
JNJ,2002-01-22
UNH,2026-10-13
UNH,2026-07-16
UNH,2026-04-21
UNH,2026-01-27
UNH,2025-10-28
UNH,2025-07-29
UNH,2025-04-17
UNH,2025-01-16
UNH,2024-10-15
UNH,2024-07-16
UNH,2024-04-16
UNH,2024-01-12
UNH,2023-10-13
UNH,2023-07-14
UNH,2023-04-14
UNH,2023-01-13
UNH,2022-10-14
UNH,2022-07-15
UNH,2022-04-14
UNH,2022-01-19
UNH,2021-10-14
UNH,2021-07-15
UNH,2021-04-15
UNH,2021-01-20
UNH,2020-10-14
UNH,2020-07-15
UNH,2020-04-15
UNH,2020-01-15
UNH,2019-10-15
UNH,2019-07-18
UNH,2019-04-16
UNH,2019-01-15
UNH,2018-10-16
UNH,2018-07-17
UNH,2018-04-17
UNH,2018-01-16
UNH,2017-10-17
UNH,2017-07-18
UNH,2017-04-18
UNH,2017-01-17
UNH,2016-10-18
UNH,2016-07-19
UNH,2016-04-19
UNH,2016-01-19
UNH,2015-10-15
UNH,2015-07-16
UNH,2015-04-16
UNH,2015-01-21
UNH,2014-10-16
UNH,2014-07-17
UNH,2014-04-17
UNH,2014-01-16
UNH,2013-10-17
UNH,2013-07-18
UNH,2013-04-18
UNH,2013-01-17
UNH,2012-10-16
UNH,2012-07-19
UNH,2012-04-19
UNH,2012-01-19
UNH,2011-10-18
UNH,2011-07-19
UNH,2011-04-21
UNH,2011-01-20
UNH,2010-10-19
UNH,2010-07-20
UNH,2010-04-20
UNH,2010-01-21
UNH,2009-10-20
UNH,2009-07-21
UNH,2009-04-21
UNH,2009-01-22
UNH,2008-10-16
UNH,2008-07-22
UNH,2008-04-22
UNH,2008-01-22
UNH,2007-10-18
UNH,2007-07-19
UNH,2007-04-19
UNH,2007-01-18
UNH,2006-10-19
UNH,2006-07-19
UNH,2006-04-18
UNH,2006-01-19
UNH,2005-10-14
UNH,2005-07-14
UNH,2005-04-14
UNH,2005-01-20
UNH,2004-10-14
UNH,2004-07-15
UNH,2004-04-15
UNH,2004-01-22
UNH,2003-10-16
UNH,2003-07-17
UNH,2003-04-16
UNH,2003-01-23
UNH,2002-10-17
UNH,2002-07-18
UNH,2002-04-18
UNH,2002-01-24
PFE,2026-11-03
PFE,2026-08-04
PFE,2026-05-05
PFE,2026-02-03
PFE,2025-11-04
PFE,2025-08-05
PFE,2025-04-29
PFE,2025-02-04
PFE,2024-10-29
PFE,2024-07-30
PFE,2024-05-01
PFE,2024-01-30
PFE,2023-10-31
PFE,2023-08-01
PFE,2023-05-02
PFE,2023-01-31
PFE,2022-11-01
PFE,2022-07-28
PFE,2022-05-03
PFE,2022-02-08
PFE,2021-11-02
PFE,2021-07-28
PFE,2021-05-04
PFE,2021-02-02
PFE,2020-10-27
PFE,2020-07-28
PFE,2020-04-28
PFE,2020-01-28
PFE,2019-10-29
PFE,2019-07-29
PFE,2019-04-30
PFE,2019-01-29
PFE,2018-10-30
PFE,2018-07-31
PFE,2018-05-01
PFE,2018-01-30
PFE,2017-10-31
PFE,2017-08-01
PFE,2017-05-02
PFE,2017-01-31
PFE,2016-11-01
PFE,2016-08-02
PFE,2016-05-03
PFE,2016-02-02
PFE,2015-10-27
PFE,2015-07-28
PFE,2015-04-28
PFE,2015-01-27
PFE,2014-10-28
PFE,2014-07-29
PFE,2014-05-05
PFE,2014-01-28
PFE,2013-10-29
PFE,2013-07-30
PFE,2013-04-30
PFE,2013-01-29
PFE,2012-11-01
PFE,2012-07-31
PFE,2012-05-01
PFE,2012-01-31
PFE,2011-11-01
PFE,2011-08-02
PFE,2011-05-03
PFE,2011-02-01
PFE,2010-11-02
PFE,2010-08-03
PFE,2010-05-04
PFE,2010-02-03
PFE,2009-10-20
PFE,2009-07-22
PFE,2009-04-28
PFE,2009-01-26
PFE,2008-10-21
PFE,2008-07-23
PFE,2008-04-17
PFE,2008-01-23
PFE,2007-10-18
PFE,2007-07-18
PFE,2007-04-20
PFE,2007-01-22
PFE,2006-10-19
PFE,2006-07-20
PFE,2006-04-19
PFE,2006-01-19
PFE,2005-10-20
PFE,2005-07-20
PFE,2005-04-19
PFE,2005-01-19
PFE,2004-10-20
PFE,2004-07-21
PFE,2004-04-20
PFE,2004-01-22
PFE,2003-10-22
PFE,2003-07-25
PFE,2003-04-22
PFE,2003-01-22
PFE,2002-10-16
PFE,2002-07-15
PFE,2002-04-17
PFE,2002-01-23
MRK,2026-10-29
MRK,2026-08-04
MRK,2026-04-30
MRK,2026-02-03
MRK,2025-10-30
MRK,2025-07-29
MRK,2025-04-24
MRK,2025-02-04
MRK,2024-10-31
MRK,2024-07-30
MRK,2024-04-25
MRK,2024-02-01
MRK,2023-10-26
MRK,2023-08-01
MRK,2023-04-27
MRK,2023-02-02
MRK,2022-10-27
MRK,2022-07-28
MRK,2022-04-28
MRK,2022-02-03
MRK,2021-10-28
MRK,2021-07-29
MRK,2021-04-29
MRK,2021-02-04
MRK,2020-10-27
MRK,2020-07-31
MRK,2020-04-28
MRK,2020-02-05
MRK,2019-10-29
MRK,2019-07-30
MRK,2019-04-30
MRK,2019-02-01
MRK,2018-10-25
MRK,2018-07-27
MRK,2018-05-01
MRK,2018-02-02
MRK,2017-10-27
MRK,2017-07-28
MRK,2017-05-02
MRK,2017-02-02
MRK,2016-10-25
MRK,2016-07-29
MRK,2016-05-05
MRK,2016-02-03
MRK,2015-10-27
MRK,2015-07-28
MRK,2015-04-28
MRK,2015-02-04
MRK,2014-10-27
MRK,2014-07-29
MRK,2014-04-29
MRK,2014-02-05
MRK,2013-10-28
MRK,2013-07-30
MRK,2013-05-01
MRK,2013-02-01
MRK,2012-10-26
MRK,2012-07-27
MRK,2012-04-27
MRK,2012-02-02
MRK,2011-10-28
MRK,2011-07-29
MRK,2011-04-29
MRK,2011-02-03
MRK,2010-10-29
MRK,2010-07-30
MRK,2010-05-04
MRK,2010-02-16
MRK,2009-10-22
MRK,2009-07-21
MRK,2009-04-21
MRK,2009-02-03
MRK,2008-10-22
MRK,2008-07-21
MRK,2008-04-21
MRK,2008-01-30
MRK,2007-10-22
MRK,2007-07-23
MRK,2007-04-19
MRK,2007-01-30
MRK,2006-10-20
MRK,2006-07-24
MRK,2006-04-20
MRK,2006-01-31
MRK,2005-10-24
MRK,2005-07-21
MRK,2005-04-21
MRK,2005-01-25
MRK,2004-10-21
MRK,2004-07-21
MRK,2004-04-22
MRK,2004-01-27
MRK,2003-10-22
MRK,2003-07-21
MRK,2003-04-21
MRK,2003-01-28
MRK,2002-10-18
MRK,2002-07-19
MRK,2002-04-18
MRK,2002-01-22
ABBV,2026-10-29
ABBV,2026-07-31
ABBV,2026-04-29
ABBV,2026-02-04
ABBV,2025-10-31
ABBV,2025-07-31
ABBV,2025-04-25
ABBV,2025-01-31
ABBV,2024-10-30
ABBV,2024-07-25
ABBV,2024-04-26
ABBV,2024-02-02
ABBV,2023-10-27
ABBV,2023-07-27
ABBV,2023-04-27
ABBV,2023-02-09
ABBV,2022-10-28
ABBV,2022-07-29
ABBV,2022-04-29
ABBV,2022-02-02
ABBV,2021-10-29
ABBV,2021-07-30
ABBV,2021-04-30
ABBV,2021-02-03
ABBV,2020-10-30
ABBV,2020-07-31
ABBV,2020-05-01
ABBV,2020-02-07
ABBV,2019-11-01
ABBV,2019-07-26
ABBV,2019-04-25
ABBV,2019-01-25
ABBV,2018-11-02
ABBV,2018-07-27
ABBV,2018-04-26
ABBV,2018-01-26
ABBV,2017-10-27
ABBV,2017-07-28
ABBV,2017-04-27
ABBV,2017-01-27
ABBV,2016-10-28
ABBV,2016-07-29
ABBV,2016-04-28
ABBV,2016-01-29
ABBV,2015-10-30
ABBV,2015-07-24
ABBV,2015-04-23
ABBV,2015-01-30
ABBV,2014-10-31
ABBV,2014-07-25
ABBV,2014-04-25
ABBV,2014-01-31
ABBV,2013-10-25
ABBV,2013-07-26
ABBV,2013-04-26
ABBV,2013-03-15
TMO,2026-10-21
TMO,2026-07-23
TMO,2026-04-23
TMO,2026-01-29
TMO,2025-10-22
TMO,2025-07-23
TMO,2025-04-23
TMO,2025-01-30
TMO,2024-10-23
TMO,2024-07-24
TMO,2024-04-24
TMO,2024-01-31
TMO,2023-10-25
TMO,2023-07-26
TMO,2023-04-26
TMO,2023-02-01
TMO,2022-10-26
TMO,2022-07-28
TMO,2022-04-28
TMO,2022-02-02
TMO,2021-10-27
TMO,2021-07-28
TMO,2021-04-29
TMO,2021-02-01
TMO,2020-10-21
TMO,2020-07-22
TMO,2020-04-22
TMO,2020-01-30
TMO,2019-10-23
TMO,2019-07-24
TMO,2019-04-24
TMO,2019-01-30
TMO,2018-10-24
TMO,2018-07-25
TMO,2018-04-25
TMO,2018-01-31
TMO,2017-10-25
TMO,2017-07-26
TMO,2017-04-26
TMO,2017-01-31
TMO,2016-10-27
TMO,2016-07-28
TMO,2016-04-28
TMO,2016-01-28
TMO,2015-10-21
TMO,2015-07-22
TMO,2015-04-22
TMO,2015-01-29
TMO,2014-10-22
TMO,2014-07-23
TMO,2014-04-23
TMO,2014-01-30
TMO,2013-10-23
TMO,2013-07-24
TMO,2013-04-24
TMO,2013-01-31
TMO,2012-10-24
TMO,2012-07-25
TMO,2012-04-25
TMO,2012-02-01
TMO,2011-10-26
TMO,2011-07-27
TMO,2011-04-27
TMO,2011-02-02
TMO,2010-10-27
TMO,2010-07-27
TMO,2010-04-28
TMO,2010-02-03
TMO,2009-10-22
TMO,2009-07-23
TMO,2009-04-23
TMO,2009-02-04
TMO,2008-10-23
TMO,2008-07-24
TMO,2008-04-24
TMO,2008-02-06
TMO,2007-10-25
TMO,2007-07-26
TMO,2007-04-26
TMO,2007-02-08
TMO,2006-10-25
TMO,2006-07-26
TMO,2006-04-26
TMO,2006-02-01
TMO,2005-10-26
TMO,2005-07-27
TMO,2005-04-27
TMO,2005-02-02
TMO,2004-10-26
TMO,2004-07-27
TMO,2004-04-27
TMO,2004-02-04
TMO,2003-10-21
TMO,2003-07-22
TMO,2003-04-23
TMO,2003-02-05
TMO,2002-10-22
TMO,2002-07-23
TMO,2002-04-24
TMO,2002-02-13
JPM,2026-10-13
JPM,2026-07-14
JPM,2026-04-14
JPM,2026-01-13
JPM,2025-10-14
JPM,2025-07-15
JPM,2025-04-11
JPM,2025-01-15
JPM,2024-10-11
JPM,2024-07-12
JPM,2024-04-12
JPM,2024-01-12
JPM,2023-10-13
JPM,2023-07-14
JPM,2023-04-14
JPM,2023-01-13
JPM,2022-10-14
JPM,2022-07-14
JPM,2022-04-13
JPM,2022-01-14
JPM,2021-10-13
JPM,2021-07-13
JPM,2021-04-14
JPM,2021-01-15
JPM,2020-10-13
JPM,2020-07-14
JPM,2020-04-14
JPM,2020-01-14
JPM,2019-10-15
JPM,2019-07-16
JPM,2019-04-12
JPM,2019-01-15
JPM,2018-10-12
JPM,2018-07-13
JPM,2018-04-13
JPM,2018-01-12
JPM,2017-10-12
JPM,2017-07-14
JPM,2017-04-13
JPM,2017-01-13
JPM,2016-10-14
JPM,2016-07-14
JPM,2016-04-13
JPM,2016-01-14
JPM,2015-10-13
JPM,2015-07-14
JPM,2015-04-14
JPM,2015-01-14
JPM,2014-10-14
JPM,2014-07-15
JPM,2014-04-11
JPM,2014-01-14
JPM,2013-10-11
JPM,2013-07-12
JPM,2013-04-12
JPM,2013-01-16
JPM,2012-10-12
JPM,2012-07-13
JPM,2012-04-13
JPM,2012-01-13
JPM,2011-10-13
JPM,2011-07-14
JPM,2011-04-13
JPM,2011-01-14
JPM,2010-10-13
JPM,2010-07-15
JPM,2010-04-14
JPM,2010-01-15
JPM,2009-10-14
JPM,2009-07-16
JPM,2009-04-16
JPM,2009-01-15
JPM,2008-10-15
JPM,2008-07-17
JPM,2008-04-16
JPM,2008-01-16
JPM,2007-10-17
JPM,2007-07-18
JPM,2007-04-18
JPM,2007-01-17
JPM,2006-10-18
JPM,2006-07-19
JPM,2006-04-19
JPM,2006-01-18
JPM,2005-10-19
JPM,2005-07-20
JPM,2005-04-20
JPM,2005-01-19
JPM,2004-10-20
JPM,2004-07-21
JPM,2004-04-21
JPM,2004-01-21
JPM,2003-10-22
JPM,2003-07-16
JPM,2003-04-16
JPM,2003-01-22
JPM,2002-10-16
JPM,2002-07-17
JPM,2002-04-17
JPM,2002-01-16
BAC,2026-10-14
BAC,2026-07-14
BAC,2026-04-15
BAC,2026-01-14
BAC,2025-10-15
BAC,2025-07-16
BAC,2025-04-15
BAC,2025-01-16
BAC,2024-10-15
BAC,2024-07-16
BAC,2024-04-16
BAC,2024-01-12
BAC,2023-10-17
BAC,2023-07-18
BAC,2023-04-18
BAC,2023-01-13
BAC,2022-10-17
BAC,2022-07-18
BAC,2022-04-18
BAC,2022-01-19
BAC,2021-10-14
BAC,2021-07-14
BAC,2021-04-15
BAC,2021-01-19
BAC,2020-10-14
BAC,2020-07-16
BAC,2020-04-15
BAC,2020-01-15
BAC,2019-10-16
BAC,2019-07-17
BAC,2019-04-16
BAC,2019-01-16
BAC,2018-10-15
BAC,2018-07-16
BAC,2018-04-16
BAC,2018-01-17
BAC,2017-10-13
BAC,2017-07-18
BAC,2017-04-18
BAC,2017-01-13
BAC,2016-10-17
BAC,2016-07-18
BAC,2016-04-14
BAC,2016-01-19
BAC,2015-10-14
BAC,2015-07-15
BAC,2015-04-15
BAC,2015-01-15
BAC,2014-10-15
BAC,2014-07-16
BAC,2014-04-16
BAC,2014-01-15
BAC,2013-10-16
BAC,2013-07-17
BAC,2013-04-17
BAC,2013-01-17
BAC,2012-10-17
BAC,2012-07-18
BAC,2012-04-19
BAC,2012-01-19
BAC,2011-10-18
BAC,2011-07-19
BAC,2011-04-15
BAC,2011-01-21
BAC,2010-10-19
BAC,2010-07-16
BAC,2010-04-19
BAC,2010-04-16
BAC,2009-10-16
BAC,2009-07-17
BAC,2009-04-20
BAC,2009-01-16
BAC,2008-10-06
BAC,2008-07-21
BAC,2008-04-21
BAC,2008-01-22
BAC,2007-10-18
BAC,2007-07-19
BAC,2007-04-19
BAC,2007-01-23
BAC,2006-10-19
BAC,2006-07-19
BAC,2006-04-20
BAC,2006-01-23
BAC,2005-10-19
BAC,2005-07-18
BAC,2005-04-18
BAC,2005-01-18
BAC,2004-10-14
BAC,2004-07-14
BAC,2004-04-14
BAC,2004-01-15
BAC,2003-10-14
BAC,2003-07-14
BAC,2003-04-14
BAC,2003-01-15
BAC,2002-10-15
BAC,2002-07-15
BAC,2002-04-15
BAC,2002-04-15
WFC,2026-10-13
WFC,2026-07-14
WFC,2026-04-14
WFC,2026-01-14
WFC,2025-10-14
WFC,2025-07-15
WFC,2025-04-11
WFC,2025-01-15
WFC,2024-10-11
WFC,2024-07-12
WFC,2024-04-12
WFC,2024-01-12
WFC,2023-10-13
WFC,2023-07-14
WFC,2023-04-14
WFC,2023-01-13
WFC,2022-10-14
WFC,2022-07-15
WFC,2022-04-14
WFC,2022-01-14
WFC,2021-10-14
WFC,2021-07-14
WFC,2021-04-14
WFC,2021-01-15
WFC,2020-10-14
WFC,2020-07-14
WFC,2020-04-14
WFC,2020-01-14
WFC,2019-10-15
WFC,2019-07-16
WFC,2019-04-12
WFC,2019-01-15
WFC,2018-10-12
WFC,2018-07-13
WFC,2018-04-13
WFC,2018-01-12
WFC,2017-10-13
WFC,2017-07-14
WFC,2017-04-13
WFC,2017-01-13
WFC,2016-10-14
WFC,2016-07-15
WFC,2016-04-14
WFC,2016-01-15
WFC,2015-10-14
WFC,2015-07-14
WFC,2015-04-14
WFC,2015-01-14
WFC,2014-10-14
WFC,2014-07-11
WFC,2014-04-11
WFC,2014-01-14
WFC,2013-10-11
WFC,2013-07-12
WFC,2013-04-12
WFC,2013-01-11
WFC,2012-10-12
WFC,2012-07-13
WFC,2012-04-13
WFC,2012-01-17
WFC,2011-10-17
WFC,2011-07-19
WFC,2011-04-20
WFC,2011-01-19
WFC,2010-10-20
WFC,2010-07-21
WFC,2010-04-21
WFC,2010-01-20
WFC,2009-10-21
WFC,2009-07-22
WFC,2009-04-22
WFC,2009-01-28
WFC,2008-10-15
WFC,2008-07-16
WFC,2008-04-16
WFC,2008-01-16
WFC,2007-10-16
WFC,2007-07-17
WFC,2007-04-17
WFC,2007-01-16
WFC,2006-10-17
WFC,2006-07-18
WFC,2006-04-18
WFC,2006-01-17
WFC,2005-10-18
WFC,2005-07-19
WFC,2005-04-19
WFC,2005-01-18
WFC,2004-10-19
WFC,2004-07-20
WFC,2004-04-20
WFC,2004-01-20
WFC,2003-10-21
WFC,2003-07-15
WFC,2003-04-15
WFC,2003-01-21
WFC,2002-10-15
WFC,2002-07-16
WFC,2002-04-16
WFC,2002-01-15
GS,2026-10-13
GS,2026-07-14
GS,2026-04-13
GS,2026-01-15
GS,2025-10-14
GS,2025-07-16
GS,2025-04-14
GS,2025-01-15
GS,2024-10-15
GS,2024-07-15
GS,2024-04-15
GS,2024-01-16
GS,2023-10-17
GS,2023-07-19
GS,2023-04-18
GS,2023-01-17
GS,2022-10-18
GS,2022-07-18
GS,2022-04-14
GS,2022-01-18
GS,2021-10-15
GS,2021-07-13
GS,2021-04-14
GS,2021-01-19
GS,2020-10-14
GS,2020-07-15
GS,2020-04-15
GS,2020-01-15
GS,2019-10-15
GS,2019-07-16
GS,2019-04-15
GS,2019-01-16
GS,2018-10-16
GS,2018-07-17
GS,2018-04-17
GS,2018-01-17
GS,2017-10-17
GS,2017-07-18
GS,2017-04-18
GS,2017-01-18
GS,2016-10-18
GS,2016-07-19
GS,2016-04-19
GS,2016-01-20
GS,2015-10-15
GS,2015-07-16
GS,2015-04-16
GS,2015-01-16
GS,2014-10-16
GS,2014-07-15
GS,2014-04-17
GS,2014-01-16
GS,2013-10-17
GS,2013-07-16
GS,2013-04-16
GS,2013-01-16
GS,2012-10-16
GS,2012-07-17
GS,2012-04-17
GS,2012-01-18
GS,2011-10-18
GS,2011-07-19
GS,2011-04-19
GS,2011-01-19
GS,2010-10-19
GS,2010-07-20
GS,2010-04-20
GS,2010-01-21
GS,2009-10-15
GS,2009-07-14
GS,2009-04-13
GS,2008-12-16
GS,2008-09-16
GS,2008-06-17
GS,2008-03-18
GS,2007-12-18
GS,2007-09-20
GS,2007-06-14
GS,2007-03-13
GS,2006-12-12
GS,2006-09-12
GS,2006-06-13
GS,2006-03-14
GS,2005-12-15
GS,2005-09-20
GS,2005-06-16
GS,2005-03-17
GS,2004-12-16
GS,2004-09-21
GS,2004-06-22
GS,2004-03-23
GS,2003-12-18
GS,2003-09-23
GS,2003-06-25
GS,2003-03-20
GS,2002-12-19
GS,2002-09-24
GS,2002-06-20
GS,2002-03-19
GS,2001-12-20
MS,2026-10-14
MS,2026-07-15
MS,2026-04-15
MS,2026-01-15
MS,2025-10-15
MS,2025-07-16
MS,2025-04-11
MS,2025-01-16
MS,2024-10-16
MS,2024-07-16
MS,2024-04-16
MS,2024-01-16
MS,2023-10-18
MS,2023-07-18
MS,2023-04-19
MS,2023-01-17
MS,2022-10-14
MS,2022-07-14
MS,2022-04-14
MS,2022-01-19
MS,2021-10-14
MS,2021-07-15
MS,2021-04-16
MS,2021-01-20
MS,2020-10-15
MS,2020-07-16
MS,2020-04-16
MS,2020-01-16
MS,2019-10-17
MS,2019-07-18
MS,2019-04-17
MS,2019-01-17
MS,2018-10-16
MS,2018-07-18
MS,2018-04-18
MS,2018-01-18
MS,2017-10-17
MS,2017-07-19
MS,2017-04-19
MS,2017-01-17
MS,2016-10-19
MS,2016-07-20
MS,2016-04-18
MS,2016-01-19
MS,2015-10-19
MS,2015-07-20
MS,2015-04-20
MS,2015-01-20
MS,2014-10-17
MS,2014-07-17
MS,2014-04-17
MS,2014-01-17
MS,2013-10-18
MS,2013-07-18
MS,2013-04-18
MS,2013-01-18
MS,2012-10-18
MS,2012-07-19
MS,2012-04-19
MS,2012-01-19
MS,2011-10-19
MS,2011-07-21
MS,2011-04-21
MS,2011-01-20
MS,2010-10-20
MS,2010-07-21
MS,2010-05-06
MS,2010-04-21
MS,2010-01-20
MS,2009-10-21
MS,2009-07-22
MS,2008-12-17
MS,2008-09-16
MS,2008-06-18
MS,2008-03-19
MS,2007-12-19
MS,2007-09-19
MS,2007-06-20
MS,2007-03-21
MS,2006-12-19
MS,2006-09-20
MS,2006-06-21
MS,2006-03-22
MS,2005-12-20
MS,2005-09-21
MS,2005-06-22
MS,2005-03-17
MS,2004-12-21
MS,2004-09-22
MS,2004-06-22
MS,2004-03-18
MS,2003-12-18
MS,2003-09-23
MS,2003-06-18
MS,2003-03-20
MS,2002-12-19
MS,2002-09-19
MS,2002-06-19
MS,2002-03-26
MS,2001-12-19
AXP,2026-10-23
AXP,2026-07-24
AXP,2026-04-23
AXP,2026-01-30
AXP,2025-10-17
AXP,2025-07-18
AXP,2025-04-17
AXP,2025-01-24
AXP,2024-10-18
AXP,2024-07-19
AXP,2024-04-19
AXP,2024-01-26
AXP,2023-10-20
AXP,2023-07-21
AXP,2023-04-20
AXP,2023-01-27
AXP,2022-10-21
AXP,2022-07-22
AXP,2022-04-22
AXP,2022-01-25
AXP,2021-10-22
AXP,2021-07-23
AXP,2021-04-23
AXP,2021-01-26
AXP,2020-10-23
AXP,2020-07-24
AXP,2020-04-24
AXP,2020-01-24
AXP,2019-10-18
AXP,2019-07-19
AXP,2019-04-18
AXP,2019-01-17
AXP,2018-10-18
AXP,2018-07-18
AXP,2018-04-18
AXP,2018-01-18
AXP,2017-10-18
AXP,2017-07-19
AXP,2017-04-19
AXP,2017-01-19
AXP,2016-10-19
AXP,2016-07-20
AXP,2016-04-20
AXP,2016-01-21
AXP,2015-10-21
AXP,2015-07-22
AXP,2015-04-16
AXP,2015-01-21
AXP,2014-10-15
AXP,2014-07-29
AXP,2014-04-16
AXP,2014-01-16
AXP,2013-10-16
AXP,2013-07-17
AXP,2013-04-17
AXP,2013-01-17
AXP,2012-10-17
AXP,2012-07-18
AXP,2012-04-18
AXP,2012-01-19
AXP,2011-10-19
AXP,2011-07-20
AXP,2011-04-20
AXP,2011-01-24
AXP,2010-10-21
AXP,2010-07-22
AXP,2010-04-22
AXP,2010-01-21
AXP,2009-10-22
AXP,2009-07-23
AXP,2009-04-23
AXP,2009-01-26
AXP,2008-10-20
AXP,2008-07-21
AXP,2008-04-24
AXP,2008-01-28
AXP,2007-10-22
AXP,2007-07-23
AXP,2007-04-19
AXP,2007-01-22
AXP,2006-10-23
AXP,2006-07-24
AXP,2006-04-24
AXP,2006-01-23
AXP,2005-10-24
AXP,2005-07-25
AXP,2005-04-26
AXP,2005-01-24
AXP,2004-10-25
AXP,2004-07-26
AXP,2004-04-22
AXP,2004-01-26
AXP,2003-10-27
AXP,2003-07-28
AXP,2003-04-24
AXP,2003-01-27
AXP,2002-10-28
AXP,2002-07-22
AXP,2002-04-18
AXP,2002-01-28
BA,2026-10-28
BA,2026-07-28
BA,2026-04-22
BA,2026-01-27
BA,2025-10-29
BA,2025-07-29
BA,2025-04-23
BA,2025-01-28
BA,2024-10-23
BA,2024-07-31
BA,2024-04-24
BA,2024-01-31
BA,2023-10-25
BA,2023-07-26
BA,2023-04-26
BA,2023-01-25
BA,2022-10-26
BA,2022-07-27
BA,2022-04-27
BA,2022-01-26
BA,2021-10-27
BA,2021-07-28
BA,2021-04-28
BA,2021-01-27
BA,2020-10-28
BA,2020-07-29
BA,2020-04-29
BA,2020-01-29
BA,2019-10-23
BA,2019-07-24
BA,2019-04-24
BA,2019-01-30
BA,2018-10-24
BA,2018-07-25
BA,2018-04-25
BA,2018-01-31
BA,2017-10-25
BA,2017-07-26
BA,2017-04-26
BA,2017-01-25
BA,2016-10-26
BA,2016-07-27
BA,2016-04-27
BA,2016-01-27
BA,2015-10-21
BA,2015-07-22
BA,2015-04-22
BA,2015-01-28
BA,2014-10-22
BA,2014-07-23
BA,2014-04-23
BA,2014-01-29
BA,2013-10-23
BA,2013-07-24
BA,2013-04-24
BA,2013-01-30
BA,2012-10-24
BA,2012-07-25
BA,2012-04-25
BA,2012-01-25
BA,2011-10-26
BA,2011-07-27
BA,2011-04-27
BA,2011-01-26
BA,2010-10-20
BA,2010-07-28
BA,2010-04-21
BA,2010-01-27
BA,2009-10-21
BA,2009-07-22
BA,2009-04-22
BA,2009-01-28
BA,2008-10-22
BA,2008-07-23
BA,2008-04-23
BA,2008-01-30
BA,2007-10-24
BA,2007-07-25
BA,2007-04-25
BA,2007-01-31
BA,2006-10-25
BA,2006-07-26
BA,2006-04-26
BA,2006-02-01
BA,2005-10-26
BA,2005-07-27
BA,2005-04-27
BA,2005-02-02
BA,2004-10-27
BA,2004-07-28
BA,2004-04-28
BA,2004-01-29
BA,2003-10-29
BA,2003-07-23
BA,2003-04-23
BA,2003-01-30
BA,2002-10-16
BA,2002-07-17
BA,2002-04-17
BA,2002-01-23
CAT,2026-10-29
CAT,2026-08-04
CAT,2026-04-30
CAT,2026-01-29
CAT,2025-10-29
CAT,2025-08-05
CAT,2025-04-30
CAT,2025-01-30
CAT,2024-10-30
CAT,2024-08-06
CAT,2024-04-25
CAT,2024-02-05
CAT,2023-10-31
CAT,2023-08-01
CAT,2023-04-27
CAT,2023-01-31
CAT,2022-10-27
CAT,2022-08-02
CAT,2022-04-28
CAT,2022-01-28
CAT,2021-10-28
CAT,2021-07-30
CAT,2021-04-29
CAT,2021-01-29
CAT,2020-10-27
CAT,2020-07-31
CAT,2020-04-28
CAT,2020-01-31
CAT,2019-10-23
CAT,2019-07-24
CAT,2019-04-24
CAT,2019-01-28
CAT,2018-10-23
CAT,2018-07-30
CAT,2018-04-24
CAT,2018-01-25
CAT,2017-10-24
CAT,2017-07-25
CAT,2017-04-25
CAT,2017-01-26
CAT,2016-10-25
CAT,2016-07-26
CAT,2016-04-22
CAT,2016-01-28
CAT,2015-10-22
CAT,2015-07-23
CAT,2015-04-23
CAT,2015-01-27
CAT,2014-10-23
CAT,2014-07-24
CAT,2014-04-24
CAT,2014-01-27
CAT,2013-10-23
CAT,2013-07-24
CAT,2013-04-22
CAT,2013-01-28
CAT,2012-10-22
CAT,2012-07-25
CAT,2012-04-25
CAT,2012-01-26
CAT,2011-10-24
CAT,2011-07-22
CAT,2011-04-29
CAT,2011-01-27
CAT,2010-10-21
CAT,2010-07-22
CAT,2010-04-26
CAT,2010-01-27
CAT,2009-10-20
CAT,2009-07-21
CAT,2009-04-21
CAT,2009-01-26
CAT,2008-10-21
CAT,2008-07-22
CAT,2008-04-18
CAT,2008-01-25
CAT,2007-10-19
CAT,2007-07-20
CAT,2007-04-20
CAT,2007-01-26
CAT,2006-10-20
CAT,2006-07-21
CAT,2006-04-24
CAT,2006-01-26
CAT,2005-10-21
CAT,2005-07-21
CAT,2005-04-20
CAT,2005-01-27
CAT,2004-10-21
CAT,2004-07-22
CAT,2004-04-22
CAT,2004-01-27
CAT,2003-10-16
CAT,2003-07-17
CAT,2003-04-16
CAT,2003-01-23
CAT,2002-10-16
CAT,2002-07-16
CAT,2002-04-16
CAT,2002-01-23
HON,2026-10-22
HON,2026-07-23
HON,2026-04-23
HON,2026-01-29
HON,2025-10-23
HON,2025-07-24
HON,2025-04-29
HON,2025-02-06
HON,2024-10-24
HON,2024-07-25
HON,2024-04-25
HON,2024-02-01
HON,2023-10-26
HON,2023-07-27
HON,2023-04-27
HON,2023-02-02
HON,2022-10-27
HON,2022-07-28
HON,2022-04-29
HON,2022-02-03
HON,2021-10-22
HON,2021-07-23
HON,2021-04-23
HON,2021-01-29
HON,2020-10-30
HON,2020-07-24
HON,2020-05-01
HON,2020-01-31
HON,2019-10-17
HON,2019-07-18
HON,2019-04-18
HON,2019-02-01
HON,2018-10-19
HON,2018-07-20
HON,2018-04-20
HON,2018-01-26
HON,2017-10-20
HON,2017-07-21
HON,2017-04-21
HON,2017-01-27
HON,2016-10-21
HON,2016-07-22
HON,2016-04-22
HON,2016-01-29
HON,2015-10-16
HON,2015-07-17
HON,2015-04-17
HON,2015-01-23
HON,2014-10-17
HON,2014-07-18
HON,2014-04-17
HON,2014-01-24
HON,2013-10-18
HON,2013-07-19
HON,2013-04-19
HON,2013-01-25
HON,2012-10-19
HON,2012-07-18
HON,2012-04-20
HON,2012-01-27
HON,2011-10-21
HON,2011-07-22
HON,2011-04-20
HON,2011-01-28
HON,2010-10-22
HON,2010-07-23
HON,2010-04-23
HON,2010-01-29
HON,2009-10-23
HON,2009-07-27
HON,2009-04-24
HON,2009-01-30
HON,2008-10-17
HON,2008-07-18
HON,2008-04-18
HON,2008-01-24
HON,2007-10-19
HON,2007-07-19
HON,2007-04-20
HON,2007-01-26
HON,2006-10-19
HON,2006-07-20
HON,2006-04-19
HON,2006-01-26
HON,2005-10-19
HON,2005-07-20
HON,2005-04-20
HON,2005-01-28
HON,2004-10-20
HON,2004-07-21
HON,2004-04-21
HON,2004-01-29
HON,2003-10-16
HON,2003-07-17
HON,2003-04-17
HON,2003-01-31
HON,2002-10-16
HON,2002-07-16
HON,2002-07-16
HON,2002-04-18
XOM,2026-10-30
XOM,2026-07-31
XOM,2026-05-01
XOM,2026-01-30
XOM,2025-10-31
XOM,2025-08-01
XOM,2025-05-02
XOM,2025-01-31
XOM,2024-11-01
XOM,2024-08-02
XOM,2024-04-26
XOM,2024-02-02
XOM,2023-10-27
XOM,2023-07-28
XOM,2023-04-28
XOM,2023-01-31
XOM,2022-10-28
XOM,2022-07-29
XOM,2022-04-29
XOM,2022-02-01
XOM,2021-10-29
XOM,2021-07-30
XOM,2021-04-30
XOM,2021-02-02
XOM,2020-10-30
XOM,2020-07-31
XOM,2020-05-01
XOM,2020-01-31
XOM,2019-11-01
XOM,2019-08-02
XOM,2019-04-26
XOM,2019-02-01
XOM,2018-11-02
XOM,2018-07-27
XOM,2018-04-27
XOM,2018-02-02
XOM,2017-10-27
XOM,2017-07-28
XOM,2017-04-28
XOM,2017-01-31
XOM,2016-10-28
XOM,2016-07-29
XOM,2016-04-29
XOM,2016-02-02
XOM,2015-10-30
XOM,2015-07-31
XOM,2015-04-30
XOM,2015-02-02
XOM,2014-10-31
XOM,2014-07-31
XOM,2014-05-01
XOM,2014-01-30
XOM,2013-10-31
XOM,2013-08-01
XOM,2013-04-25
XOM,2013-02-01
XOM,2012-11-01
XOM,2012-07-26
XOM,2012-04-26
XOM,2012-01-31
XOM,2011-10-27
XOM,2011-07-28
XOM,2011-04-28
XOM,2011-01-31
XOM,2010-10-28
XOM,2010-07-29
XOM,2010-04-29
XOM,2010-02-01
XOM,2009-10-29
XOM,2009-07-30
XOM,2009-04-30
XOM,2009-01-30
XOM,2008-10-30
XOM,2008-07-31
XOM,2008-05-01
XOM,2008-02-01
XOM,2007-11-01
XOM,2007-07-26
XOM,2007-04-26
XOM,2007-02-01
XOM,2006-10-26
XOM,2006-07-27
XOM,2006-04-27
XOM,2006-01-30
XOM,2005-10-27
XOM,2005-07-28
XOM,2005-04-28
XOM,2005-01-31
XOM,2004-10-28
XOM,2004-07-29
XOM,2004-04-29
XOM,2004-01-29
XOM,2003-10-30
XOM,2003-07-31
XOM,2003-05-01
XOM,2003-01-30
XOM,2002-10-31
XOM,2002-08-01
XOM,2002-04-23
XOM,2002-01-23
CVX,2026-10-30
CVX,2026-07-31
CVX,2026-05-01
CVX,2026-01-30
CVX,2025-10-31
CVX,2025-08-01
CVX,2025-05-02
CVX,2025-01-31
CVX,2024-11-01
CVX,2024-08-02
CVX,2024-04-26
CVX,2024-02-02
CVX,2023-10-27
CVX,2023-07-23
CVX,2023-04-28
CVX,2023-01-27
CVX,2022-10-28
CVX,2022-07-29
CVX,2022-04-29
CVX,2022-01-28
CVX,2021-10-29
CVX,2021-07-30
CVX,2021-04-30
CVX,2021-01-29
CVX,2020-10-30
CVX,2020-07-31
CVX,2020-05-01
CVX,2020-01-31
CVX,2019-11-01
CVX,2019-08-02
CVX,2019-04-26
CVX,2019-02-01
CVX,2018-11-02
CVX,2018-07-27
CVX,2018-04-27
CVX,2018-02-02
CVX,2017-10-27
CVX,2017-07-28
CVX,2017-04-28
CVX,2017-01-27
CVX,2016-10-28
CVX,2016-07-29
CVX,2016-04-29
CVX,2016-01-29
CVX,2015-10-30
CVX,2015-07-31
CVX,2015-05-01
CVX,2015-01-30
CVX,2014-10-31
CVX,2014-08-01
CVX,2014-05-02
CVX,2014-01-31
CVX,2013-11-01
CVX,2013-08-02
CVX,2013-04-26
CVX,2013-02-01
CVX,2012-11-02
CVX,2012-07-27
CVX,2012-04-27
CVX,2012-01-27
CVX,2011-10-28
CVX,2011-07-29
CVX,2011-04-29
CVX,2011-01-28
CVX,2010-10-29
CVX,2010-07-30
CVX,2010-04-30
CVX,2010-01-29
CVX,2009-10-30
CVX,2009-07-31
CVX,2009-05-01
CVX,2009-01-30
CVX,2008-10-31
CVX,2008-08-01
CVX,2008-05-02
CVX,2008-02-01
CVX,2007-11-02
CVX,2007-07-27
CVX,2007-04-27
CVX,2007-02-02
CVX,2006-10-27
CVX,2006-07-28
CVX,2006-04-28
CVX,2006-01-27
CVX,2005-10-28
CVX,2005-07-29
CVX,2005-04-29
CVX,2005-01-28
CVX,2004-10-29
CVX,2004-07-30
CVX,2004-04-30
CVX,2004-01-30
CVX,2003-10-31
CVX,2003-08-01
CVX,2003-05-02
CVX,2003-01-31
CVX,2002-10-31
CVX,2002-07-30
CVX,2002-04-25
CVX,2002-01-29
LIN,2026-10-30
LIN,2026-07-31
LIN,2026-05-01
LIN,2026-02-05
LIN,2025-10-31
LIN,2025-08-01
LIN,2025-05-01
LIN,2025-02-06
LIN,2024-10-31
LIN,2024-08-02
LIN,2024-05-02
LIN,2024-02-06
LIN,2023-10-26
LIN,2023-07-27
LIN,2023-04-27
LIN,2023-02-07
LIN,2022-10-27
LIN,2022-07-28
LIN,2022-04-28
LIN,2022-02-10
LIN,2021-10-29
LIN,2021-07-30
LIN,2021-05-06
LIN,2021-02-05
LIN,2020-11-05
LIN,2020-07-31
LIN,2020-05-07
LIN,2020-03-01
LIN,2020-02-13
LIN,2019-11-12
LIN,2019-08-05
LIN,2019-05-10
LIN,2018-11-09
LIN,2018-07-26
LIN,2018-04-26
LIN,2018-01-25
LIN,2017-10-26
LIN,2017-07-27
LIN,2017-04-27
LIN,2017-01-26
LIN,2016-10-27
LIN,2016-07-28
LIN,2016-04-29
LIN,2016-01-29
LIN,2015-10-29
LIN,2015-07-29
LIN,2015-04-29
LIN,2015-01-28
LIN,2014-10-29
LIN,2014-07-23
LIN,2014-04-23
LIN,2014-01-29
LIN,2013-10-30
LIN,2013-07-24
LIN,2013-04-24
LIN,2013-01-23
LIN,2012-10-24
LIN,2012-07-25
LIN,2012-04-25
LIN,2012-01-25
LIN,2011-10-26
LIN,2011-07-27
LIN,2011-04-27
LIN,2011-01-26
LIN,2010-10-27
LIN,2010-07-28
LIN,2010-04-28
LIN,2010-01-27
LIN,2009-10-28
LIN,2009-07-29
LIN,2009-04-29
LIN,2009-01-28
LIN,2008-10-29
LIN,2008-07-23
LIN,2008-04-23
LIN,2008-01-23
LIN,2007-10-24
LIN,2007-07-25
LIN,2007-04-25
LIN,2007-01-24
LIN,2006-10-25
LIN,2006-07-26
LIN,2006-04-26
LIN,2006-01-25
LIN,2005-10-26
LIN,2005-07-27
LIN,2005-04-27
LIN,2005-01-26
LIN,2004-10-27
LIN,2004-07-28
LIN,2004-04-28
LIN,2004-01-27
LIN,2003-10-29
LIN,2003-07-23
LIN,2003-04-21
LIN,2003-01-29
LIN,2002-10-23
LIN,2002-07-24
LIN,2002-07-24
LIN,2002-04-22
